condition,feature_id,direction,confirmed,analysis_length_label,rank,token_id,token_text,activation_mass,within_label_mass_share
full_token_uniform,493,short,False,short,1,16141,Answer,5209.5,0.6148444300193264
full_token_uniform,493,short,False,short,2,25,:,3163.46875,0.37336426537627426
full_token_uniform,493,short,False,short,3,4389, Mark,13.7890625,0.0016274360827936208
full_token_uniform,493,short,False,short,4,21806, Answer,8.9375,0.0010548367584792646
full_token_uniform,493,short,False,short,5,488, +,8.1484375,0.0009617086880191198
full_token_uniform,493,short,False,short,6,92,},7.53125,0.0008888659398374224
full_token_uniform,493,short,False,short,7,3261, Car,6.921875,0.0008169452517592906
full_token_uniform,493,short,False,short,8,3491, problem,6.2734375,0.00074041426316333
full_token_uniform,493,short,False,short,9,2484, turn,5.875,0.0006933891978814748
full_token_uniform,493,short,False,short,10,279, the,5.2734375,0.0006223905699069088
full_token_uniform,493,short,False,short,11,13,.,5.0546875,0.0005965728870070667
full_token_uniform,493,short,False,short,12,419, this,4.0546875,0.00047854919375064545
full_token_uniform,493,short,False,short,13,4226, answer,3.53125,0.00041677116681173746
full_token_uniform,493,short,False,short,14,4279, half,2.203125,0.000260020949205553
full_token_uniform,493,short,False,short,15,1293, long,1.9453125,0.0002295929657878819
full_token_uniform,493,short,False,short,16,4362, needed,1.921875,0.00022682678547718456
full_token_uniform,493,short,False,short,17,532,}\n,1.8671875,0.000220372364752224
full_token_uniform,493,short,False,short,18,50,S,1.859375,0.0002194503046486582
full_token_uniform,493,short,False,short,19,12,-,1.7734375,0.0002093076435094345
full_token_uniform,493,short,False,short,20,17,2,1.75,0.00020654146319873715
full_token_uniform,493,short,False,long,1,16141,Answer,5173.71875,0.6096988590173352
full_token_uniform,493,short,False,long,2,25,:,3146.0,0.37074156968206606
full_token_uniform,493,short,False,long,3,21806, Answer,29.53125,0.0034801214175694574
full_token_uniform,493,short,False,long,4,510,:\n,13.4375,0.0015835473116982716
full_token_uniform,493,short,False,long,5,4226, answer,12.921875,0.001522783286947059
full_token_uniform,493,short,False,long,6,279, the,11.45703125,0.0013501582166311136
full_token_uniform,493,short,False,long,7,532,}\n,10.7421875,0.0012659171823169323
full_token_uniform,493,short,False,long,8,2484, turn,8.703125,0.0010256230844371363
full_token_uniform,493,short,False,long,9,92,},8.5390625,0.0010062890765617505
full_token_uniform,493,short,False,long,10,4389, Mark,8.34375,0.0009832724005196245
full_token_uniform,493,short,False,long,11,3491, problem,6.2421875,0.0007356129663063483
full_token_uniform,493,short,False,long,12,20269, surf,5.1015625,0.0006011955782203322
full_token_uniform,493,short,False,long,13,1372, number,3.2734375,0.00038575949046603243
full_token_uniform,493,short,False,long,14,1124, \,3.1640625,0.00037287015188244187
full_token_uniform,493,short,False,long,15,374, is,3.109375,0.00036642548259064656
full_token_uniform,493,short,False,long,16,20,5,3.09375,0.0003645841485072765
full_token_uniform,493,short,False,long,17,78045,\[,2.8984375,0.0003415674724651505
full_token_uniform,493,short,False,long,18,419, this,2.6796875,0.0003157887952979693
full_token_uniform,493,short,False,long,19,311, to,2.390625,0.0002817241147556227
full_token_uniform,493,short,False,long,20,4855, har,2.390625,0.0002817241147556227
full_token_uniform,3240,short,False,short,1,16141,Answer,10523.0,0.5033110801048963
full_token_uniform,3240,short,False,short,2,25,:,7675.8984375,0.36713529728723854
full_token_uniform,3240,short,False,short,3,13,.,708.859375,0.03390447378824781
full_token_uniform,3240,short,False,short,4,15,0,617.1328125,0.02951722725720303
full_token_uniform,3240,short,False,short,5,20,5,148.34375,0.007095225034620423
full_token_uniform,3240,short,False,short,6,17,2,128.1640625,0.00613003827116853
full_token_uniform,3240,short,False,short,7,23,8,125.4140625,0.005998506819083719
full_token_uniform,3240,short,False,short,8,22,7,123.4375,0.005903968587897762
full_token_uniform,3240,short,False,short,9,19,4,119.015625,0.005692471991647753
full_token_uniform,3240,short,False,short,10,21,6,118.03125,0.005645389710503758
full_token_uniform,3240,short,False,short,11,24,9,63.9375,0.003058106260971853
full_token_uniform,3240,short,False,short,12,18,3,53.5546875,0.0025615002955720985
full_token_uniform,3240,short,False,short,13,16,1,44.234375,0.0021157133002960207
full_token_uniform,3240,short,False,short,14,16302, pounds,34.25,0.0016381644486926446
full_token_uniform,3240,short,False,short,15,4420, minutes,30.9453125,0.0014801025048520905
full_token_uniform,3240,short,False,short,16,4115, hours,27.90625,0.001334745303542456
full_token_uniform,3240,short,False,short,17,382,.\n\n,17.2109375,0.0008231925822239726
full_token_uniform,3240,short,False,short,18,21806, Answer,17.125,0.0008190822243463223
full_token_uniform,3240,short,False,short,19,7541, feet,16.859375,0.000806377481815403
full_token_uniform,3240,short,False,short,20,11,",",16.4453125,0.0007865730302230879
full_token_uniform,3240,short,False,long,1,16141,Answer,10542.875,0.4980673192224692
full_token_uniform,3240,short,False,long,2,25,:,7624.125,0.3601795051318552
full_token_uniform,3240,short,False,long,3,13,.,765.859375,0.03618078804952594
full_token_uniform,3240,short,False,long,4,15,0,554.53125,0.026197208362290635
full_token_uniform,3240,short,False,long,5,20,5,155.1953125,0.007331749001365222
full_token_uniform,3240,short,False,long,6,23,8,132.3125,0.006250717396784364
full_token_uniform,3240,short,False,long,7,22,7,121.1796875,0.00572478020438842
full_token_uniform,3240,short,False,long,8,17,2,118.7734375,0.005611103955084595
full_token_uniform,3240,short,False,long,9,21,6,110.2734375,0.005209546295206147
full_token_uniform,3240,short,False,long,10,19,4,107.296875,0.0050689272985023895
full_token_uniform,3240,short,False,long,11,24,9,60.90625,0.0028773377908202
full_token_uniform,3240,short,False,long,12,382,.\n\n,58.1015625,0.0027448385262095723
full_token_uniform,3240,short,False,long,13,18,3,55.265625,0.0026108629466729213
full_token_uniform,3240,short,False,long,14,21806, Answer,54.625,0.002580598490689435
full_token_uniform,3240,short,False,long,15,16,1,48.609375,0.002296407867429872
full_token_uniform,3240,short,False,long,16,374, is,43.3828125,0.0020494941960524076
full_token_uniform,3240,short,False,long,17,4226, answer,40.40625,0.0019088751993486498
full_token_uniform,3240,short,False,long,18,16302, pounds,37.046875,0.0017501713448011015
full_token_uniform,3240,short,False,long,19,4115, hours,35.734375,0.001688166117908106
full_token_uniform,3240,short,False,long,20,4420, minutes,28.8046875,0.0013607932830623495
full_token_uniform,26100,short,True,short,1,16141,Answer,4867.125,0.5418758888226878
full_token_uniform,26100,short,True,short,2,25,:,4084.2890625,0.4547197300153519
full_token_uniform,26100,short,True,short,3,21806, Answer,7.75,0.0008628375351723718
full_token_uniform,26100,short,True,short,4,220, ,5.9140625,0.0006584354981103683
full_token_uniform,26100,short,True,short,5,18,3,3.90625,0.0004348979511957519
full_token_uniform,26100,short,True,short,6,17,2,2.890625,0.0003218244838848564
full_token_uniform,26100,short,True,short,7,279, the,2.640625,0.0002939910150083283
full_token_uniform,26100,short,True,short,8,10788, bought,2.03125,0.000226146934621791
full_token_uniform,26100,short,True,short,9,6771, Let,1.9765625,0.00022005836330505046
full_token_uniform,26100,short,True,short,10,400, $,1.8125,0.0002017926493548289
full_token_uniform,26100,short,True,short,11,315, of,1.65625,0.00018439673130699882
full_token_uniform,26100,short,True,long,1,16141,Answer,4901.8125,0.5417414969745531
full_token_uniform,26100,short,True,long,2,25,:,4037.7578125,0.44624737518304647
full_token_uniform,26100,short,True,long,3,21806, Answer,19.34375,0.002137844334539828
full_token_uniform,26100,short,True,long,4,374, is,10.59375,0.0011708065095460448
full_token_uniform,26100,short,True,long,5,510,:\n,9.328125,0.0010309313955737297
full_token_uniform,26100,short,True,long,6,92,},6.3125,0.000697648716602658
full_token_uniform,26100,short,True,long,7,1124, \,5.5703125,0.0006156231868040781
full_token_uniform,26100,short,True,long,8,220, ,4.9140625,0.0005430953499295444
full_token_uniform,26100,short,True,long,9,15136,times,4.6640625,0.0005154656977868649
full_token_uniform,26100,short,True,long,10,1372, number,3.8984375,0.00043084988809990885
full_token_uniform,26100,short,True,long,11,400, $,3.8671875,0.0004273961815820739
full_token_uniform,26100,short,True,long,12,18,3,3.6875,0.00040753736910452296
full_token_uniform,26100,short,True,long,13,21,6,3.6484375,0.0004032202359572293
full_token_uniform,26100,short,True,long,14,4226, answer,2.921875,0.00032292155941756695
full_token_uniform,26100,short,True,long,15,594,'s,2.46875,0.00027284281490896027
full_token_uniform,26100,short,True,long,16,23,8,2.40625,0.0002659354018732904
full_token_uniform,26100,short,True,long,17,3253,eral,2.34375,0.0002590279888376205
full_token_uniform,26100,short,True,long,18,24190, grave,2.265625,0.0002503937225430332
full_token_uniform,26100,short,True,long,19,17,2,2.1875,0.00024175945624844584
full_token_uniform,26100,short,True,long,20,23018, gram,2.0,0.0002210372171414362
full_token_uniform,24326,short,False,short,1,16141,Answer,4936.5,0.6369298600184061
full_token_uniform,24326,short,False,short,2,25,:,2740.7109375,0.35361908918723584
full_token_uniform,24326,short,False,short,3,74216, Calculation,10.609375,0.0013688701982442577
full_token_uniform,24326,short,False,short,4,21806, Answer,9.5625,0.0012337975866354722
full_token_uniform,24326,short,False,short,5,15,0,8.59375,0.0011088050206691335
full_token_uniform,24326,short,False,short,6,16,1,6.0234375,0.0007771715190326382
full_token_uniform,24326,short,False,short,7,8039, budget,5.421875,0.0006995551675857988
full_token_uniform,24326,short,False,short,8,320, (,4.84375,0.0006249628298316934
full_token_uniform,24326,short,False,short,9,4226, answer,4.84375,0.0006249628298316934
full_token_uniform,24326,short,False,short,10,220, ,3.9765625,0.0005130743232005354
full_token_uniform,24326,short,False,short,11,624,.\n,3.078125,0.00039715379831239874
full_token_uniform,24326,short,False,short,12,501, new,2.28125,0.00029433733275944276
full_token_uniform,24326,short,False,short,13,315, of,2.125,0.0002741772414745494
full_token_uniform,24326,short,False,short,14,59,\,1.9921875,0.00025704116388239003
full_token_uniform,24326,short,False,short,15,20,5,1.9375,0.0002499851319326774
full_token_uniform,24326,short,False,short,16,284, =,1.828125,0.00023587306803325204
full_token_uniform,24326,short,False,short,17,2106,irt,1.7734375,0.0002288170360835394
full_token_uniform,24326,short,False,short,18,382,.\n\n,1.734375,0.00022377701326231606
full_token_uniform,24326,short,False,short,19,17767, \(,1.390625,0.00017942481243555071
full_token_uniform,24326,short,False,short,20,481, -,1.234375,0.00015926472115065736
full_token_uniform,24326,short,False,long,1,16141,Answer,4973.1875,0.6361017374264664
full_token_uniform,24326,short,False,long,2,25,:,2687.140625,0.34370206638533957
full_token_uniform,24326,short,False,long,3,21806, Answer,29.5,0.0037732342193172405
full_token_uniform,24326,short,False,long,4,4226, answer,17.3125,0.00221437686176033
full_token_uniform,24326,short,False,long,5,15,0,16.46875,0.0021064559677756206
full_token_uniform,24326,short,False,long,6,501, new,11.5625,0.0014789159546052743
full_token_uniform,24326,short,False,long,7,74216, Calculation,10.140625,0.0012970492628903013
full_token_uniform,24326,short,False,long,8,510,:\n,9.203125,0.0011771371584628468
full_token_uniform,24326,short,False,long,9,16,1,6.0625,0.0007754316086308736
full_token_uniform,24326,short,False,long,10,8039, budget,5.625,0.000719472626564728
full_token_uniform,24326,short,False,long,11,284, =,4.5859375,0.0005865700441576324
full_token_uniform,24326,short,False,long,12,382,.\n\n,4.2109375,0.0005386052023866506
full_token_uniform,24326,short,False,long,13,1124, \,4.09375,0.0005236161893332188
full_token_uniform,24326,short,False,long,14,4322,/p,3.640625,0.0004656586721932823
full_token_uniform,24326,short,False,long,15,35,D,3.59375,0.0004596630669719096
full_token_uniform,24326,short,False,long,16,20,5,3.375,0.00043168357593883686
full_token_uniform,24326,short,False,long,17,13023, Final,2.96875,0.00037972166402027314
full_token_uniform,24326,short,False,long,18,481, -,2.921875,0.0003737260587989004
full_token_uniform,24326,short,False,long,19,448, with,2.71875,0.00034774510283961855
full_token_uniform,24326,short,False,long,20,22,7,2.25,0.0002877890506258912
full_token_uniform,10807,short,False,short,1,16141,Answer,4761.1875,0.9809454826403979
full_token_uniform,10807,short,False,short,2,84669, knocks,17.1875,0.0035411334846363095
full_token_uniform,10807,short,False,short,3,16,1,7.44921875,0.0015347594443639642
full_token_uniform,10807,short,False,short,4,582, we,7.0390625,0.0014502551225715067
full_token_uniform,10807,short,False,short,5,21806, Answer,6.25,0.0012876849035041125
full_token_uniform,10807,short,False,short,6,25,:,5.9375,0.0012233006583289069
full_token_uniform,10807,short,False,short,7,12,-,5.7265625,0.0011798412928356432
full_token_uniform,10807,short,False,short,8,1124, \,5.015625,0.0010333671350620504
full_token_uniform,10807,short,False,short,9,17,2,4.4140625,0.0009094274630997795
full_token_uniform,10807,short,False,short,10,29723, mush,4.234375,0.0008724065221240362
full_token_uniform,10807,short,False,short,11,21264, couples,2.625,0.0005408276594717272
full_token_uniform,10807,short,False,short,12,284, =,2.5078125,0.0005166835675310252
full_token_uniform,10807,short,False,short,13,4392, Mr,2.359375,0.00048610105107280247
full_token_uniform,10807,short,False,short,14,6366, computer,2.265625,0.0004667857775202408
full_token_uniform,10807,short,False,short,15,60090, classmates,2.140625,0.00044103207945015853
full_token_uniform,10807,short,False,short,16,395,ass,2.09375,0.0004313744426738777
full_token_uniform,10807,short,False,short,17,36089, turtle,1.984375,0.00040883995686255575
full_token_uniform,10807,short,False,short,18,32205, Walter,1.8984375,0.0003911342894393742
full_token_uniform,10807,short,False,short,19,21042,ints,1.8359375,0.00037825744040433307
full_token_uniform,10807,short,False,short,20,510,:\n,1.828125,0.0003766478342749529
full_token_uniform,10807,short,False,long,1,16141,Answer,4689.6875,0.9678680637237316
full_token_uniform,10807,short,False,long,2,17,2,15.78125,0.0032569692288964116
full_token_uniform,10807,short,False,long,3,21806, Answer,15.40625,0.0031795759006850114
full_token_uniform,10807,short,False,long,4,84669, knocks,11.21875,0.0023153504023243794
full_token_uniform,10807,short,False,long,5,220, ,10.625,0.002192810965989663
full_token_uniform,10807,short,False,long,6,16,1,10.1015625,0.0020847827786945844
full_token_uniform,10807,short,False,long,7,582, we,8.703125,0.0017961701589062388
full_token_uniform,10807,short,False,long,8,510,:\n,6.453125,0.0013318101896378396
full_token_uniform,10807,short,False,long,9,29723, mush,6.453125,0.0013318101896378396
full_token_uniform,10807,short,False,long,10,25,:,5.890625,0.0012157201973207398
full_token_uniform,10807,short,False,long,11,4392, Mr,4.78125,0.0009867649346953485
full_token_uniform,10807,short,False,long,12,9640,[\n,4.7265625,0.0009754784076645192
full_token_uniform,10807,short,False,long,13,54815,Therefore,4.4375,0.0009158210505015652
full_token_uniform,10807,short,False,long,14,374, is,3.82421875,0.0007892507116558383
full_token_uniform,10807,short,False,long,15,8471, starts,3.3125,0.0006836410658673656
full_token_uniform,10807,short,False,long,16,198,\n,3.125,0.0006449444017616657
full_token_uniform,10807,short,False,long,17,15,0,3.09375,0.000638494957744049
full_token_uniform,10807,short,False,long,18,481, -,2.9609375,0.0006110848206691781
full_token_uniform,10807,short,False,long,19,12,-,2.7421875,0.0005659387125458616
full_token_uniform,10807,short,False,long,20,11520,(\,2.546875,0.0005256296874357575
full_token_uniform,14905,short,False,short,1,16141,Answer,5257.3125,0.5864299576562532
full_token_uniform,14905,short,False,short,2,25,:,3570.4296875,0.3982656405635492
full_token_uniform,14905,short,False,short,3,553, by,13.375,0.0014919220958716807
full_token_uniform,14905,short,False,short,4,14289, listening,11.4375,0.0012758025399276522
full_token_uniform,14905,short,False,short,5,21806, Answer,9.125,0.0010178533925105859
full_token_uniform,14905,short,False,short,6,1124, \,9.0859375,0.001013496143398811
full_token_uniform,14905,short,False,short,7,13,.,7.8203125,0.0008723212721773087
full_token_uniform,14905,short,False,short,8,11,",",7.453125,0.0008313631305266259
full_token_uniform,14905,short,False,short,9,8704, Since,6.75,0.00075293264651468
full_token_uniform,14905,short,False,short,10,15,0,6.453125,0.0007198175532651918
full_token_uniform,14905,short,False,short,11,4226, answer,6.09375,0.0006797308614368639
full_token_uniform,14905,short,False,short,12,92,},5.7421875,0.0006405156194308909
full_token_uniform,14905,short,False,short,13,12684, votes,5.6953125,0.0006352869204967613
full_token_uniform,14905,short,False,short,14,4303, running,5.296875,0.0005908429795566586
full_token_uniform,14905,short,False,short,15,7571, girls,5.125,0.0005716710834648497
full_token_uniform,14905,short,False,short,16,18,3,4.875,0.0005437846891494911
full_token_uniform,14905,short,False,short,17,256,  ,4.4140625,0.0004923691496305488
full_token_uniform,14905,short,False,short,18,220, ,4.2578125,0.0004749401531834498
full_token_uniform,14905,short,False,short,19,32191, loses,2.765625,0.0003084932371136536
full_token_uniform,14905,short,False,short,20,19558, hitting,2.65625,0.0002962929396006843
full_token_uniform,14905,short,False,long,1,16141,Answer,5346.6875,0.5846803922724481
full_token_uniform,14905,short,False,long,2,25,:,3523.21875,0.38527722460152086
full_token_uniform,14905,short,False,long,3,4226, answer,40.640625,0.004444205233090107
full_token_uniform,14905,short,False,long,4,1124, \,40.109375,0.004386111047036641
full_token_uniform,14905,short,False,long,5,21806, Answer,31.90625,0.003489068468269895
full_token_uniform,14905,short,False,long,6,14289, listening,13.171875,0.0014403940836197461
full_token_uniform,14905,short,False,long,7,4303, running,10.953125,0.0011977654242199787
full_token_uniform,14905,short,False,long,8,510,:\n,10.265625,0.0011225847128566704
full_token_uniform,14905,short,False,long,9,13,.,9.1796875,0.0010038333619532631
full_token_uniform,14905,short,False,long,10,284, =,7.96875,0.0008714127908019817
full_token_uniform,14905,short,False,long,11,553, by,7.34375,0.0008030666895626105
full_token_uniform,14905,short,False,long,12,8704, Since,6.8203125,0.0007458268297746372
full_token_uniform,14905,short,False,long,13,20,5,5.7734375,0.0006313471101986907
full_token_uniform,14905,short,False,long,14,23606, equation,5.7109375,0.0006245125000747536
full_token_uniform,14905,short,False,long,15,11236, selling,5.5625,0.0006082803010304029
full_token_uniform,14905,short,False,long,16,315, of,5.5390625,0.0006057173222339265
full_token_uniform,14905,short,False,long,17,256,  ,5.3125,0.0005809418605346545
full_token_uniform,14905,short,False,long,18,11,",",5.03125,0.0005501861149769375
full_token_uniform,14905,short,False,long,19,32191, loses,4.984375,0.0005450601573839846
full_token_uniform,14905,short,False,long,20,7571, girls,4.75,0.0005194303694192205
full_token_uniform,987,short,True,short,1,16141,Answer,5629.125,0.5843963716113627
full_token_uniform,987,short,True,short,2,25,:,3919.2421875,0.4068822266055879
full_token_uniform,987,short,True,short,3,66229, seaw,9.46875,0.0009830130160007268
full_token_uniform,987,short,True,short,4,61183, aquarium,9.046875,0.000939215406376932
full_token_uniform,987,short,True,short,5,21806, Answer,8.25,0.000856486588198653
full_token_uniform,987,short,True,short,6,705, up,6.96875,0.0007234716256374986
full_token_uniform,987,short,True,short,7,84038, oranges,6.8828125,0.0007145498903437626
full_token_uniform,987,short,True,short,8,3564,New,4.234375,0.00043959822992771774
full_token_uniform,987,short,True,short,9,1532, New,3.703125,0.0003844456844755317
full_token_uniform,987,short,True,short,10,4226, answer,3.34375,0.00034713660961081767
full_token_uniform,987,short,True,short,11,315, of,3.1796875,0.00033010420586823084
full_token_uniform,987,short,True,short,12,10657, Total,3.0703125,0.0003187492700398396
full_token_uniform,987,short,True,short,13,1657, many,2.9609375,0.0003073943342114484
full_token_uniform,987,short,True,short,14,18805, eggs,2.78125,0.00028873979677909137
full_token_uniform,987,short,True,short,15,23268, apple,2.5625,0.0002660299251223089
full_token_uniform,987,short,True,short,16,1318,text,2.5078125,0.00026035245720811326
full_token_uniform,987,short,True,short,17,16753,groups,2.34375,0.0002433200534655264
full_token_uniform,987,short,True,short,18,7589, Tuesday,2.25,0.00023358725132690536
full_token_uniform,987,short,True,short,19,700, out,2.046875,0.00021249951335989306
full_token_uniform,987,short,True,short,20,19120, golf,1.8515625,0.00019222284223776586
full_token_uniform,987,short,True,long,1,16141,Answer,5650.3125,0.5826209403265461
full_token_uniform,987,short,True,long,2,25,:,3884.84375,0.4005780775216779
full_token_uniform,987,short,True,long,3,21806, Answer,27.84375,0.0028710539120123477
full_token_uniform,987,short,True,long,4,4226, answer,19.921875,0.0020542052400761746
full_token_uniform,987,short,True,long,5,256,  ,12.8515625,0.0013251637725197284
full_token_uniform,987,short,True,long,6,510,:\n,10.15625,0.0010472418870976577
full_token_uniform,987,short,True,long,7,374, is,8.15625,0.0008410157924076575
full_token_uniform,987,short,True,long,8,3470,/b,7.4609375,0.0007693200016755871
full_token_uniform,987,short,True,long,9,700, out,6.484375,0.0006686236663777354
full_token_uniform,987,short,True,long,10,1134,ages,5.1015625,0.0005260376555959773
full_token_uniform,987,short,True,long,11,11,",",4.796875,0.0004946203989830475
full_token_uniform,987,short,True,long,12,84038, oranges,4.59375,0.0004736755612410944
full_token_uniform,987,short,True,long,13,1657, many,4.171875,0.0004301747443924225
full_token_uniform,987,short,True,long,14,5274, leave,3.9375,0.0004060076239209381
full_token_uniform,987,short,True,long,15,432, it,3.734375,0.0003850627861789849
full_token_uniform,987,short,True,long,16,15,0,3.6484375,0.000376201508672774
full_token_uniform,987,short,True,long,17,672,aw,3.515625,0.00036250680707226613
full_token_uniform,987,short,True,long,18,18805, eggs,3.40625,0.00035122881751890677
full_token_uniform,987,short,True,long,19,1447,:\n\n,3.34375,0.00034478425205984424
full_token_uniform,987,short,True,long,20,13,.,3.03125,0.0003125614247645317
full_token_uniform,11983,short,True,short,1,16141,Answer,3033.40625,0.9658498847649716
full_token_uniform,11983,short,True,short,2,256,  ,12.78125,0.004069606186000405
full_token_uniform,11983,short,True,short,3,63514, tails,10.796875,0.0034377724627460637
full_token_uniform,11983,short,True,short,4,16,1,9.03125,0.002875589701110311
full_token_uniform,11983,short,True,short,5,1635, years,8.40625,0.0026765869536286287
full_token_uniform,11983,short,True,short,6,11,",",8.0390625,0.00255967283948314
full_token_uniform,11983,short,True,short,7,315, of,7.484375,0.0023830579010931468
full_token_uniform,11983,short,True,short,8,21806, Answer,4.6875,0.0014925206061126182
full_token_uniform,11983,short,True,short,9,21,6,4.2265625,0.0013457560798448773
full_token_uniform,11983,short,True,short,10,24,9,3.9765625,0.0012661549808522044
full_token_uniform,11983,short,True,short,11,60677, pies,3.7421875,0.0011915289505465734
full_token_uniform,11983,short,True,short,12,2750, values,3.6796875,0.0011716286757984052
full_token_uniform,11983,short,True,short,13,576, The,3.59375,0.001144265798019674
full_token_uniform,11983,short,True,short,14,1124, \,3.109375,0.00099003866872137
full_token_uniform,11983,short,True,short,15,369, for,2.375,0.0007562104404303932
full_token_uniform,11983,short,True,short,16,1096, This,2.328125,0.000741285234369267
full_token_uniform,11983,short,True,short,17,90,{,1.953125,0.0006218835858802576
full_token_uniform,11983,short,True,short,18,305, h,1.953125,0.0006218835858802576
full_token_uniform,11983,short,True,short,19,20332, balls,1.8984375,0.0006044708454756104
full_token_uniform,11983,short,True,short,20,624,.\n,1.8828125,0.0005994957767885683
full_token_uniform,11983,short,True,long,1,16141,Answer,2982.59375,0.9610431783711666
full_token_uniform,11983,short,True,long,2,21806, Answer,12.53125,0.004037785008086898
full_token_uniform,11983,short,True,long,3,256,  ,12.21875,0.00393709211511715
full_token_uniform,11983,short,True,long,4,16,1,12.1484375,0.003914436214198957
full_token_uniform,11983,short,True,long,5,63514, tails,10.796875,0.003478939452104796
full_token_uniform,11983,short,True,long,6,1635, years,8.4375,0.0027187081101831983
full_token_uniform,11983,short,True,long,7,90,{,7.359375,0.002371317629437567
full_token_uniform,11983,short,True,long,8,1124, \,7.0859375,0.002283211348089038
full_token_uniform,11983,short,True,long,9,220, ,6.9453125,0.002237899546252651
full_token_uniform,11983,short,True,long,10,315, of,6.7578125,0.002177483810470802
full_token_uniform,11983,short,True,long,11,825, one,3.78125,0.0012183840049339518
full_token_uniform,11983,short,True,long,12,25,:,3.1953125,0.0010295848306156742
full_token_uniform,11983,short,True,long,13,11,",",3.109375,0.0010018942850489934
full_token_uniform,11983,short,True,long,14,7716, detail,2.65625,0.0008558895902428587
full_token_uniform,11983,short,True,long,15,296, m,2.359375,0.000760231341921598
full_token_uniform,11983,short,True,long,16,481, -,2.3359375,0.0007526793749488669
full_token_uniform,11983,short,True,long,17,369, for,2.171875,0.0006998156061397492
full_token_uniform,11983,short,True,long,18,2790, total,2.171875,0.0006998156061397492
full_token_uniform,11983,short,True,long,19,1096, This,2.109375,0.0006796770275457996
full_token_uniform,11983,short,True,long,20,15,0,2.09375,0.0006746423828973121
full_token_uniform,17531,short,False,short,1,16141,Answer,4561.5625,0.6131396365980978
full_token_uniform,17531,short,False,short,2,25,:,2646.359375,0.35570877862475175
full_token_uniform,17531,short,False,short,3,382,.\n\n,129.484375,0.017404563158486114
full_token_uniform,17531,short,False,short,4,21806, Answer,9.4375,0.0012685357967570428
full_token_uniform,17531,short,False,short,5,284, =,6.859375,0.0009219986999608308
full_token_uniform,17531,short,False,short,6,5107, additional,6.734375,0.0009051969013282872
full_token_uniform,17531,short,False,short,7,4238, friend,6.515625,0.0008757937537213359
full_token_uniform,17531,short,False,short,8,315, of,5.3671875,0.0007214272287848414
full_token_uniform,17531,short,False,short,9,18,3,4.453125,0.0005985640762843662
full_token_uniform,17531,short,False,short,10,4226, answer,4.40625,0.0005922634017971624
full_token_uniform,17531,short,False,short,11,3491, problem,4.3125,0.0005796620528227546
full_token_uniform,17531,short,False,short,12,198,\n,3.6484375,0.0004904024975873667
full_token_uniform,17531,short,False,short,13,279, the,3.453125,0.00046414968722401735
full_token_uniform,17531,short,False,short,14,42932, elimination,3.453125,0.00046414968722401735
full_token_uniform,17531,short,False,short,15,8356, fixed,3.40625,0.0004578490127368135
full_token_uniform,17531,short,False,short,16,271,\n\n,3.375,0.00045364856307867756
full_token_uniform,17531,short,False,short,17,6292,uate,3.359375,0.0004515483382496096
full_token_uniform,17531,short,False,short,18,481, -,3.171875,0.0004263456403007942
full_token_uniform,17531,short,False,short,19,2533,]\n\n,2.6171875,0.0003517876588688819
full_token_uniform,17531,short,False,short,20,14374,###,2.59375,0.00034863732162527996
full_token_uniform,17531,short,False,long,1,16141,Answer,4673.03125,0.5926731814860229
full_token_uniform,17531,short,False,long,2,25,:,2711.015625,0.3438338349496526
full_token_uniform,17531,short,False,long,3,382,.\n\n,173.8984375,0.02205526449423451
full_token_uniform,17531,short,False,long,4,21806, Answer,31.59375,0.004006985471705124
full_token_uniform,17531,short,False,long,5,315, of,15.90625,0.0020173645945577726
full_token_uniform,17531,short,False,long,6,510,:\n,14.84375,0.0018826093957071551
full_token_uniform,17531,short,False,long,7,1124, \,13.9375,0.0017676711378639815
full_token_uniform,17531,short,False,long,8,2533,]\n\n,13.9296875,0.0017666802908136094
full_token_uniform,17531,short,False,long,9,271,\n\n,13.59375,0.0017240738676476053
full_token_uniform,17531,short,False,long,10,198,\n,13.40625,0.0017002935384386728
full_token_uniform,17531,short,False,long,11,8515, Alex,11.1796875,0.0014179021290825994
full_token_uniform,17531,short,False,long,12,8356, fixed,10.796875,0.0013693506236143623
full_token_uniform,17531,short,False,long,13,256,  ,10.4296875,0.0013227808122468696
full_token_uniform,17531,short,False,long,14,54815,Therefore,10.265625,0.0013019730241890536
full_token_uniform,17531,short,False,long,15,29068, appet,10.234375,0.0012980096359875648
full_token_uniform,17531,short,False,long,16,4226, answer,9.78125,0.001240540507065978
full_token_uniform,17531,short,False,long,17,6292,uate,9.71875,0.0012326137306630006
full_token_uniform,17531,short,False,long,18,481, -,9.078125,0.0011513642725324812
full_token_uniform,17531,short,False,long,19,3135,izer,6.71875,0.0008521284633200807
full_token_uniform,17531,short,False,long,20,49677, eats,6.609375,0.0008382566046148701
full_token_uniform,12175,short,False,short,1,16141,Answer,6169.625,0.9788752340395994
full_token_uniform,12175,short,False,short,2,11017, follows,22.71875,0.00360456619702772
full_token_uniform,12175,short,False,short,3,21806, Answer,11.625,0.001844427270005931
full_token_uniform,12175,short,False,short,4,4,%,9.6875,0.0015370227250049427
full_token_uniform,12175,short,False,short,5,315, of,9.125,0.001447776244198204
full_token_uniform,12175,short,False,short,6,220, ,6.515625,0.001033771736011389
full_token_uniform,12175,short,False,short,7,6798, David,6.46875,0.0010263345292774939
full_token_uniform,12175,short,False,short,8,4226, answer,5.78125,0.000917255497180369
full_token_uniform,12175,short,False,short,9,73877, Conclusion,5.0,0.0007933020516154543
full_token_uniform,12175,short,False,short,10,43434,Conclusion,4.75,0.0007536369490346816
full_token_uniform,12175,short,False,short,11,25,:,4.328125,0.0006867020884296276
full_token_uniform,12175,short,False,short,12,62394, berries,3.59375,0.0005701858495986078
full_token_uniform,12175,short,False,short,13,353, *,3.53125,0.0005602695739534146
full_token_uniform,12175,short,False,short,14,7707, compared,2.96875,0.00047102309314667597
full_token_uniform,12175,short,False,short,15,16,1,2.8671875,0.00045490914522323706
full_token_uniform,12175,short,False,short,16,1019,**\n,2.421875,0.00038425568125123567
full_token_uniform,12175,short,False,short,17,419, this,2.40625,0.00038177661233993734
full_token_uniform,12175,short,False,short,18,305, h,2.296875,0.0003644231299608493
full_token_uniform,12175,short,False,short,19,8420,Here,2.25,0.0003569859232269544
full_token_uniform,12175,short,False,short,20,5456, score,1.9375,0.0003074045450009885
full_token_uniform,12175,short,False,long,1,16141,Answer,6111.9375,0.9401630414862289
full_token_uniform,12175,short,False,long,2,11017, follows,123.703125,0.019028516937771557
full_token_uniform,12175,short,False,long,3,73877, Conclusion,40.75,0.006268330450133665
full_token_uniform,12175,short,False,long,4,21806, Answer,36.71875,0.00564822720775081
full_token_uniform,12175,short,False,long,5,43434,Conclusion,28.46875,0.004379178711711479
full_token_uniform,12175,short,False,long,6,4226, answer,18.46875,0.0028409381104516837
full_token_uniform,12175,short,False,long,7,13023, Final,10.5625,0.0016247666350806586
full_token_uniform,12175,short,False,long,8,4,%,9.6875,0.0014901705824704264
full_token_uniform,12175,short,False,long,9,315, of,6.671875,0.0010262949011530195
full_token_uniform,12175,short,False,long,10,220, ,6.06640625,0.0009331592397486178
full_token_uniform,12175,short,False,long,11,18,3,5.609375,0.0008628568372691663
full_token_uniform,12175,short,False,long,12,438, as,5.2109375,0.0008015675633127213
full_token_uniform,12175,short,False,long,13,494,ult,5.109375,0.0007859448072061765
full_token_uniform,12175,short,False,long,14,15,0,4.34375,0.0006681732611722235
full_token_uniform,12175,short,False,long,15,256,  ,4.203125,0.0006465417527170076
full_token_uniform,12175,short,False,long,16,4171, screen,4.0390625,0.000621304992852589
full_token_uniform,12175,short,False,long,17,16,1,4.015625,0.0006176997414433865
full_token_uniform,12175,short,False,long,18,2906, school,3.640625,0.0005600157188961441
full_token_uniform,12175,short,False,long,19,5612,mar,3.625,0.0005576122179566757
full_token_uniform,12175,short,False,long,20,5871, necessary,3.5,0.0005383842104409283
full_token_uniform,25190,short,True,short,1,16141,Answer,4314.625,0.9637699748531062
full_token_uniform,25190,short,True,short,2,66229, seaw,24.734375,0.005524987217141072
full_token_uniform,25190,short,True,short,3,64763, Lif,20.21875,0.004516319304472867
full_token_uniform,25190,short,True,short,4,3491, problem,14.7109375,0.0032860236670488436
full_token_uniform,25190,short,True,short,5,64547, Identify,11.6640625,0.002605434591027044
full_token_uniform,25190,short,True,short,6,5624, Number,9.8671875,0.0022040615461936747
full_token_uniform,25190,short,True,short,7,21806, Answer,8.8125,0.0019684730198784362
full_token_uniform,25190,short,True,short,8,220, ,7.9453125,0.0017747668982414624
full_token_uniform,25190,short,True,short,9,382,.\n\n,7.671875,0.0017136883914189932
full_token_uniform,25190,short,True,short,10,13658, Jackson,6.328125,0.0014135311578914304
full_token_uniform,25190,short,True,short,11,54815,Therefore,6.3125,0.001410040957501575
full_token_uniform,25190,short,True,short,12,23606, equation,4.6484375,0.0010383346159819767
full_token_uniform,25190,short,True,short,13,11194, Cost,4.390625,0.0009807463095493627
full_token_uniform,25190,short,True,short,14,16,1,4.28125,0.0009563149068203751
full_token_uniform,25190,short,True,short,15,4226, answer,4.0625,0.0009074521013623997
full_token_uniform,25190,short,True,short,16,13081, Age,3.546875,0.000792275488497172
full_token_uniform,25190,short,True,short,17,19,4,3.140625,0.0007015302783609321
full_token_uniform,25190,short,True,short,18,73877, Conclusion,2.578125,0.0005758830643261383
full_token_uniform,25190,short,True,short,19,1124, \,2.4609375,0.000549706561402223
full_token_uniform,25190,short,True,short,20,28693, Amy,2.28125,0.000509569256918886
full_token_uniform,25190,short,True,long,1,16141,Answer,4157.34375,0.9557584112002658
full_token_uniform,25190,short,True,long,2,21806, Answer,28.78125,0.006616706105276392
full_token_uniform,25190,short,True,long,3,64763, Lif,20.3125,0.00466977086691602
full_token_uniform,25190,short,True,long,4,1124, \,13.6953125,0.0031485032037322246
full_token_uniform,25190,short,True,long,5,3491, problem,13.1171875,0.0030155943405969225
full_token_uniform,25190,short,True,long,6,66229, seaw,11.78125,0.002708467102811292
full_token_uniform,25190,short,True,long,7,54815,Therefore,11.515625,0.0026474008683977745
full_token_uniform,25190,short,True,long,8,73877, Conclusion,7.875,0.0018104342437889802
full_token_uniform,25190,short,True,long,9,21,6,7.4375,0.0017098545635784814
full_token_uniform,25190,short,True,long,10,4226, answer,6.75,0.0015518007803905546
full_token_uniform,25190,short,True,long,11,5624, Number,5.5625,0.0012787987912477718
full_token_uniform,25190,short,True,long,12,220, ,5.296875,0.0012177325568342545
full_token_uniform,25190,short,True,long,13,382,.\n\n,4.9375,0.0011351135338042019
full_token_uniform,25190,short,True,long,14,1318,text,4.390625,0.0010093889335410782
full_token_uniform,25190,short,True,long,15,17,2,4.19140625,0.0009635892577309404
full_token_uniform,25190,short,True,long,16,3220, money,3.8828125,0.0008926446618681777
full_token_uniform,25190,short,True,long,17,432, it,3.296875,0.000757939733014831
full_token_uniform,25190,short,True,long,18,2086, second,2.765625,0.0006358072641877966
full_token_uniform,25190,short,True,long,19,2533,]\n\n,2.6171875,0.0006016820155449488
full_token_uniform,25190,short,True,long,20,17205,olen,2.59375,0.0005962938183908149
full_token_uniform,7541,short,True,short,1,16141,Answer,4495.53125,0.9707539594172385
full_token_uniform,7541,short,True,short,2,23949,Finally,17.875,0.0038598835286893264
full_token_uniform,7541,short,True,short,3,24927, Charlie,17.3125,0.0037384186624019
full_token_uniform,7541,short,True,short,4,284, =,10.140625,0.0021897416172372143
full_token_uniform,7541,short,True,short,5,21806, Answer,7.25,0.0015655471654823841
full_token_uniform,7541,short,True,short,6,8304,Step,5.0859375,0.0010982448326821467
full_token_uniform,7541,short,True,short,7,4226, answer,4.96875,0.0010729396522055996
full_token_uniform,7541,short,True,short,8,47866,Calculate,4.6171875,0.000997024110775958
full_token_uniform,7541,short,True,short,9,572, was,4.421875,0.0009548488099817128
full_token_uniform,7541,short,True,short,10,4780, friends,4.359375,0.0009413527137275543
full_token_uniform,7541,short,True,short,11,4362, needed,4.0625,0.0008772462565203015
full_token_uniform,7541,short,True,short,12,12,-,4.0390625,0.0008721852204249921
full_token_uniform,7541,short,True,short,13,5847,Next,3.2109375,0.0006933619450573921
full_token_uniform,7541,short,True,short,14,3019, step,2.859375,0.0006174464036277507
full_token_uniform,7541,short,True,short,15,1447,:\n\n,2.85546875,0.0006166028976118658
full_token_uniform,7541,short,True,short,16,257,    ,2.78125,0.0006005762833100525
full_token_uniform,7541,short,True,short,17,382,.\n\n,2.7109375,0.0005853931750241242
full_token_uniform,7541,short,True,short,18,1124, \,2.5,0.0005398438501663394
full_token_uniform,7541,short,True,short,19,15,0,2.4375,0.0005263477539121809
full_token_uniform,7541,short,True,short,20,323, and,2.171875,0.00046898934483200735
full_token_uniform,7541,short,True,long,1,16141,Answer,4483.59375,0.969059004700924
full_token_uniform,7541,short,True,long,2,21806, Answer,19.8125,0.004282163505700546
full_token_uniform,7541,short,True,long,3,24927, Charlie,17.2578125,0.0037300075647052466
full_token_uniform,7541,short,True,long,4,23949,Finally,15.5625,0.0033635921543199872
full_token_uniform,7541,short,True,long,5,4226, answer,13.265625,0.0028671583725077
full_token_uniform,7541,short,True,long,6,220, ,9.0703125,0.001960406873075053
full_token_uniform,7541,short,True,long,7,1124, \,7.1875,0.001553466256011239
full_token_uniform,7541,short,True,long,8,256,  ,6.890625,0.0014893013454368618
full_token_uniform,7541,short,True,long,9,47866,Calculate,6.2421875,0.0013491516723401957
full_token_uniform,7541,short,True,long,10,1221, then,5.8125,0.001256281407035176
full_token_uniform,7541,short,True,long,11,284, =,4.2734375,0.000923637002215378
full_token_uniform,7541,short,True,long,12,2050,akes,3.921875,0.0008476522396930891
full_token_uniform,7541,short,True,long,13,374, is,3.515625,0.0007598476252228887
full_token_uniform,7541,short,True,long,14,25,:,3.1171875,0.0006737315610309613
full_token_uniform,7541,short,True,long,15,8304,Step,2.625,0.0005673528934997568
full_token_uniform,7541,short,True,long,16,78045,\[,2.625,0.0005673528934997568
full_token_uniform,7541,short,True,long,17,572, was,2.34375,0.0005065650834819257
full_token_uniform,7541,short,True,long,18,5562, dog,2.265625,0.0004896795806991949
full_token_uniform,7541,short,True,long,19,8279, cookies,1.8828125,0.0004069406170638137
full_token_uniform,7541,short,True,long,20,80535,affles,1.6875,0.00036472686010698656
full_token_uniform,5834,long,True,short,1,2533,]\n\n,1963.4921875,0.2138064757346575
full_token_uniform,5834,long,True,short,2,382,.\n\n,1238.1875,0.13482737917626994
full_token_uniform,5834,long,True,short,3,1124, \,1041.162109375,0.11337310262352686
full_token_uniform,5834,long,True,short,4,256,  ,877.4140625,0.09554242673204091
full_token_uniform,5834,long,True,short,5,271,\n\n,649.4140625,0.07071529638854322
full_token_uniform,5834,long,True,short,6,921,]\n,576.6328125,0.06279007893103142
full_token_uniform,5834,long,True,short,7,3593,).\n\n,369.703125,0.04025731435426939
full_token_uniform,5834,long,True,short,8,257,    ,366.625,0.03992213448326685
full_token_uniform,5834,long,True,short,9,692,)\n\n,211.953125,0.023079771320555522
full_token_uniform,5834,long,True,short,10,198,\n,184.859375,0.020129507887467188
full_token_uniform,5834,long,True,short,11,59,\,176.1328125,0.019179264446071664
full_token_uniform,5834,long,True,short,12,220, ,164.37890625,0.017899370750834812
full_token_uniform,5834,long,True,short,13,340,)\n,128.921875,0.014038421906811914
full_token_uniform,5834,long,True,short,14,8304,Step,101.0859375,0.011007340992136672
full_token_uniform,5834,long,True,short,15,8,),85.5234375,0.009312726009809116
full_token_uniform,5834,long,True,short,16,284, =,81.234375,0.008845686037270045
full_token_uniform,5834,long,True,short,17,334,**,71.953125,0.007835042162267465
full_token_uniform,5834,long,True,short,18,14374,###,54.171875,0.005898825445511684
full_token_uniform,5834,long,True,short,19,4292,).\n,50.2421875,0.005470918148267326
full_token_uniform,5834,long,True,short,20,92,},46.0859375,0.005018340251380649
full_token_uniform,5834,long,True,long,1,2533,]\n\n,5426.546875,0.2342492157805376
full_token_uniform,5834,long,True,long,2,1124, \,3887.76171875,0.1678240609980509
full_token_uniform,5834,long,True,long,3,256,  ,2311.609375,0.099785866732182
full_token_uniform,5834,long,True,long,4,921,]\n,2030.2109375,0.08763866431697322
full_token_uniform,5834,long,True,long,5,257,    ,1923.2578125,0.08302178986004193
full_token_uniform,5834,long,True,long,6,382,.\n\n,747.2109375,0.03225505651455656
full_token_uniform,5834,long,True,long,7,14374,###,652.5,0.028166643874572773
full_token_uniform,5834,long,True,long,8,220, ,568.4765625,0.024539581435982855
full_token_uniform,5834,long,True,long,9,3593,).\n\n,534.4140625,0.023069196291189545
full_token_uniform,5834,long,True,long,10,334,**,443.3671875,0.01913895122756082
full_token_uniform,5834,long,True,long,11,59,\,343.42578125,0.014824753529219437
full_token_uniform,5834,long,True,long,12,198,\n,314.5390625,0.013577792732688871
full_token_uniform,5834,long,True,long,13,92,},290.734375,0.012550209352829876
full_token_uniform,5834,long,True,long,14,271,\n\n,283.7890625,0.012250399170783717
full_token_uniform,5834,long,True,long,15,692,)\n\n,230.125,0.009933868079135724
full_token_uniform,5834,long,True,long,16,78045,\[,192.40625,0.008305652602286618
full_token_uniform,5834,long,True,long,17,284, =,176.046875,0.007599463039626711
full_token_uniform,5834,long,True,long,18,481, -,174.921875,0.00755089986053262
full_token_uniform,5834,long,True,long,19,8304,Step,174.46875,0.007531339691175278
full_token_uniform,5834,long,True,long,20,340,)\n,169.9375,0.0073357379976018555
full_token_uniform,6357,long,False,short,1,1124, \,1323.35546875,0.6443617703168182
full_token_uniform,6357,long,False,short,2,59,\,229.55859375,0.1117755473515432
full_token_uniform,6357,long,False,short,3,256,  ,57.2578125,0.02787969392820665
full_token_uniform,6357,long,False,short,4,198,\n,42.984375,0.020929741573610723
full_token_uniform,6357,long,False,short,5,13,.,36.09375,0.017574592161047172
full_token_uniform,6357,long,False,short,6,315, of,28.8671875,0.014055869704560454
full_token_uniform,6357,long,False,short,7,25,:,27.03125,0.013161923999398964
full_token_uniform,6357,long,False,short,8,624,.\n,23.4765625,0.011431092953235227
full_token_uniform,6357,long,False,short,9,921,]\n,23.0234375,0.011210459545152818
full_token_uniform,6357,long,False,short,10,17,2,21.3125,0.010377378228427854
full_token_uniform,6357,long,False,short,11,24,9,19.515625,0.009502452644652779
full_token_uniform,6357,long,False,short,12,15,0,10.859375,0.005287593745423283
full_token_uniform,6357,long,False,short,13,271,\n\n,10.6328125,0.005177277041382078
full_token_uniform,6357,long,False,short,14,22,7,9.828125,0.004785462540821936
full_token_uniform,6357,long,False,short,15,757,ec,8.5625,0.0041692106079021
full_token_uniform,6357,long,False,short,16,334,**,7.359375,0.003583390869200527
full_token_uniform,6357,long,False,short,17,382,.\n\n,7.34375,0.0035757828206459613
full_token_uniform,6357,long,False,short,18,2114, home,6.34375,0.003088867713153745
full_token_uniform,6357,long,False,short,19,92,},6.2421875,0.003039415397549067
full_token_uniform,6357,long,False,short,20,16,1,6.1015625,0.002970942960557974
full_token_uniform,6357,long,False,long,1,1124, \,4529.41015625,0.7065043077710483
full_token_uniform,6357,long,False,long,2,59,\,389.6796875,0.06078283228330145
full_token_uniform,6357,long,False,long,3,256,  ,161.6796875,0.025219044369432495
full_token_uniform,6357,long,False,long,4,13,.,134.109375,0.020918584955094383
full_token_uniform,6357,long,False,long,5,198,\n,120.421875,0.01878358781881771
full_token_uniform,6357,long,False,long,6,921,]\n,91.9375,0.014340551540926871
full_token_uniform,6357,long,False,long,7,257,    ,87.84375,0.013702002169118096
full_token_uniform,6357,long,False,long,8,25,:,80.09375,0.012493145343098427
full_token_uniform,6357,long,False,long,9,92,},54.5234375,0.008504648980636355
full_token_uniform,6357,long,False,long,10,2359,left,54.421875,0.008488807106908275
full_token_uniform,6357,long,False,long,11,532,}\n,48.4921875,0.007563885402322662
full_token_uniform,6357,long,False,long,12,3593,).\n\n,48.2734375,0.00752976444352372
full_token_uniform,6357,long,False,long,13,624,.\n,43.921875,0.006851001084559048
full_token_uniform,6357,long,False,long,14,315, of,42.2265625,0.006586563653867245
full_token_uniform,6357,long,False,long,15,11035,}\,23.3125,0.003636319323430131
full_token_uniform,6357,long,False,long,16,17,2,22.453125,0.003502272699577144
full_token_uniform,6357,long,False,long,17,15,0,19.7890625,0.003086728165632883
full_token_uniform,6357,long,False,long,18,22,7,17.78125,0.0027735465080854487
full_token_uniform,6357,long,False,long,19,271,\n\n,17.359375,0.0027077418018303457
full_token_uniform,6357,long,False,long,20,2533,]\n\n,16.8125,0.00262243940483299
full_token_uniform,12956,long,True,short,1,481, -,2675.46875,0.07184260247865999
full_token_uniform,12956,long,True,short,2,284, =,2359.9296875,0.06336963958807248
full_token_uniform,12956,long,True,short,3,220, ,1779.9140625,0.04779486153159676
full_token_uniform,12956,long,True,short,4,256,  ,1092.2265625,0.029328841439961048
full_token_uniform,12956,long,True,short,5,11,",",974.9453125,0.0261795651787637
full_token_uniform,12956,long,True,short,6,1318,text,907.4296875,0.024366612510946788
full_token_uniform,12956,long,True,short,7,315, of,754.109375,0.020249603010147565
full_token_uniform,12956,long,True,short,8,279, the,753.0234375,0.020220443044766105
full_token_uniform,12956,long,True,short,9,90,{,729.0703125,0.01957724553498519
full_token_uniform,12956,long,True,short,10,624,.\n,652.015625,0.017508146696443398
full_token_uniform,12956,long,True,short,11,12,-,651.4296875,0.017492412902172825
full_token_uniform,12956,long,True,short,12,198,\n,626.1484375,0.01681355212537862
full_token_uniform,12956,long,True,short,13,17767, \(,624.265625,0.01676299419978919
full_token_uniform,12956,long,True,short,14,15136,times,604.6953125,0.01623748547115214
full_token_uniform,12956,long,True,short,15,25,:,564.8046875,0.015166328757211715
full_token_uniform,12956,long,True,short,16,374, is,431.203125,0.011578813879598084
full_token_uniform,12956,long,True,short,17,15277, Therefore,429.4140625,0.011530773361091942
full_token_uniform,12956,long,True,short,18,37018,frac,399.359375,0.010723734606973491
full_token_uniform,12956,long,True,short,19,9640,[\n,395.796875,0.010628073137808423
full_token_uniform,12956,long,True,short,20,1124, \,367.0703125,0.009856697650703263
full_token_uniform,12956,long,True,long,1,1318,text,4012.6640625,0.04966869549576731
full_token_uniform,12956,long,True,long,2,220, ,3321.578125,0.041114444141441685
full_token_uniform,12956,long,True,long,3,90,{,3300.1484375,0.04084918779143869
full_token_uniform,12956,long,True,long,4,481, -,3227.1171875,0.03994520807586158
full_token_uniform,12956,long,True,long,5,11,",",3148.8125,0.038975953830116025
full_token_uniform,12956,long,True,long,6,284, =,2994.47265625,0.03706553756234927
full_token_uniform,12956,long,True,long,7,256,  ,2422.765625,0.029988956516525576
full_token_uniform,12956,long,True,long,8,257,    ,2334.1484375,0.02889205430067286
full_token_uniform,12956,long,True,long,9,279, the,2313.2890625,0.028633857270228817
full_token_uniform,12956,long,True,long,10,1124, \,1950.2578125,0.02414026191042594
full_token_uniform,12956,long,True,long,11,9640,[\n,1875.375,0.02321336358203413
full_token_uniform,12956,long,True,long,12,315, of,1661.0078125,0.020559929754935237
full_token_uniform,12956,long,True,long,13,78045,\[,1624.1328125,0.020103491558794463
full_token_uniform,12956,long,True,long,14,15136,times,1484.8828125,0.018379857150317088
full_token_uniform,12956,long,True,long,15,92,},1325.984375,0.0164130146775825
full_token_uniform,12956,long,True,long,16,374, is,1165.265625,0.014423640404063846
full_token_uniform,12956,long,True,long,17,624,.\n,1082.4453125,0.013398491819892583
full_token_uniform,12956,long,True,long,18,15277, Therefore,945.9765625,0.011709283682141082
full_token_uniform,12956,long,True,long,19,17767, \(,908.203125,0.011241724640119757
full_token_uniform,12956,long,True,long,20,510,:\n,894.1875,0.0110682394443832
full_token_uniform,23254,long,True,short,1,25,:,2021.890625,0.042179606155045686
full_token_uniform,23254,long,True,short,2,481, -,1886.0390625,0.03934554315928024
full_token_uniform,23254,long,True,short,3,3070, **,1774.2421875,0.03701329625207433
full_token_uniform,23254,long,True,short,4,279, the,1717.99609375,0.035839920178808854
full_token_uniform,23254,long,True,short,5,256,  ,1713.3828125,0.035743680360590474
full_token_uniform,23254,long,True,short,6,220, ,1676.16796875,0.034967324096266544
full_token_uniform,23254,long,True,short,7,13,.,1472.64453125,0.030721526459675273
full_token_uniform,23254,long,True,short,8,1019,**\n,1342.0859375,0.02799788256101898
full_token_uniform,23254,long,True,short,9,11,",",1242.125,0.025912550682773025
full_token_uniform,23254,long,True,short,10,2790, total,1230.6328125,0.02567280678336702
full_token_uniform,23254,long,True,short,11,1372, number,1188.15625,0.024786683342802485
full_token_uniform,23254,long,True,short,12,284, =,971.703125,0.020271153446852316
full_token_uniform,23254,long,True,short,13,624,.\n,882.71875,0.018414808773681433
full_token_uniform,23254,long,True,short,14,47866,Calculate,829.0078125,0.01729431978087636
full_token_uniform,23254,long,True,short,15,1477, find,712.90625,0.014872270774028907
full_token_uniform,23254,long,True,short,16,582, we,673.8828125,0.014058184589438165
full_token_uniform,23254,long,True,short,17,15,0,616.6171875,0.012863539597836536
full_token_uniform,23254,long,True,short,18,1124, \,607.53125,0.0126739936053082
full_token_uniform,23254,long,True,short,19,17,2,573.0625,0.011954924887307329
full_token_uniform,23254,long,True,short,20,315, of,572.359375,0.011940256667765154
full_token_uniform,23254,long,True,long,1,25,:,3186.578125,0.04041790129283041
full_token_uniform,23254,long,True,long,2,3070, **,2904.625,0.03684166586773627
full_token_uniform,23254,long,True,long,3,279, the,2878.015625,0.036504158030167114
full_token_uniform,23254,long,True,long,4,256,  ,2780.1328125,0.03526263257599686
full_token_uniform,23254,long,True,long,5,481, -,2699.75,0.03424307352116744
full_token_uniform,23254,long,True,long,6,220, ,2377.78515625,0.030159337687937538
full_token_uniform,23254,long,True,long,7,1019,**\n,2286.2890625,0.028998820060312434
full_token_uniform,23254,long,True,long,8,13,.,2277.1875,0.028883377714226683
full_token_uniform,23254,long,True,long,9,1124, \,2139.76953125,0.027140396472617002
full_token_uniform,23254,long,True,long,10,1372, number,1834.2421875,0.023265150507339384
full_token_uniform,23254,long,True,long,11,11,",",1776.078125,0.022527409505958784
full_token_uniform,23254,long,True,long,12,1318,text,1730.74609375,0.021952427348737702
full_token_uniform,23254,long,True,long,13,2790, total,1630.03125,0.020674980992888406
full_token_uniform,23254,long,True,long,14,47866,Calculate,1122.03125,0.014231613514880047
full_token_uniform,23254,long,True,long,15,1477, find,1051.25,0.013333838703260404
full_token_uniform,23254,long,True,long,16,624,.\n,994.6796875,0.01261631249896263
full_token_uniform,23254,long,True,long,17,315, of,977.890625,0.012403363484595012
full_token_uniform,23254,long,True,long,18,18,3,959.171875,0.012165938711014365
full_token_uniform,23254,long,True,long,19,2533,]\n\n,918.390625,0.011648677726836159
full_token_uniform,23254,long,True,long,20,582, we,916.84375,0.01162905748260871
full_token_uniform,3934,long,True,short,1,9640,[\n,1482.5625,0.2455350182532633
full_token_uniform,3934,long,True,short,2,256,  ,582.328125,0.0964424412470055
full_token_uniform,3934,long,True,short,3,198,\n,566.234375,0.09377707017495056
full_token_uniform,3934,long,True,short,4,921,]\n,392.1484375,0.06494577716592129
full_token_uniform,3934,long,True,short,5,481, -,305.171875,0.050541128551752516
full_token_uniform,3934,long,True,short,6,257,    ,302.796875,0.05014779223820654
full_token_uniform,3934,long,True,short,7,1124, \,255.34375,0.04228882918400182
full_token_uniform,3934,long,True,short,8,78045,\[,212.859375,0.03525276710155775
full_token_uniform,3934,long,True,short,9,2533,]\n\n,154.6484375,0.025612145811324073
full_token_uniform,3934,long,True,short,10,15277, Therefore,124.69140625,0.020650803395889764
full_token_uniform,3934,long,True,short,11,16,1,119.88671875,0.019855073682630644
full_token_uniform,3934,long,True,short,12,510,:\n,112.765625,0.018675711676718953
full_token_uniform,3934,long,True,short,13,18,3,107.765625,0.017847635227148488
full_token_uniform,3934,long,True,short,14,59,\,94.796875,0.015699811936075087
full_token_uniform,3934,long,True,short,15,624,.\n,87.2734375,0.014453815653362023
full_token_uniform,3934,long,True,short,16,284, =,72.921875,0.01207697746920429
full_token_uniform,3934,long,True,short,17,340,)\n,71.8828125,0.011904892832027928
full_token_uniform,3934,long,True,short,18,17,2,63.46875,0.010511395431735125
full_token_uniform,3934,long,True,short,19,12,-,55.671875,0.009220113718186176
full_token_uniform,3934,long,True,short,20,1447,:\n\n,41.703125,0.006906675137198682
full_token_uniform,3934,long,True,long,1,9640,[\n,5951.671875,0.3472836087473927
full_token_uniform,3934,long,True,long,2,257,    ,2037.3125,0.11887840123010353
full_token_uniform,3934,long,True,long,3,256,  ,1536.8671875,0.08967711833751854
full_token_uniform,3934,long,True,long,4,921,]\n,1332.296875,0.07774031841647419
full_token_uniform,3934,long,True,long,5,1124, \,915.8984375,0.05344322088003185
full_token_uniform,3934,long,True,long,6,78045,\[,673.3671875,0.03929137758238432
full_token_uniform,3934,long,True,long,7,2533,]\n\n,517.16015625,0.030176604008913966
full_token_uniform,3934,long,True,long,8,198,\n,510.609375,0.0297943620102966
full_token_uniform,3934,long,True,long,9,510,:\n,400.7578125,0.02338445772579003
full_token_uniform,3934,long,True,long,10,481, -,275.328125,0.016065560542961425
full_token_uniform,3934,long,True,long,11,220, ,167.82421875,0.009792643402860957
full_token_uniform,3934,long,True,long,12,4292,).\n,164.53125,0.009600496709459384
full_token_uniform,3934,long,True,long,13,15277, Therefore,136.98046875,0.007992892167868287
full_token_uniform,3934,long,True,long,14,624,.\n,128.6015625,0.007503977983590262
full_token_uniform,3934,long,True,long,15,1019,**\n,117.59765625,0.006861893481440521
full_token_uniform,3934,long,True,long,16,59,\,116.3203125,0.006787359710690445
full_token_uniform,3934,long,True,long,17,340,)\n,110.5078125,0.006448196863974501
full_token_uniform,3934,long,True,long,18,18,3,95.234375,0.005556982663262578
full_token_uniform,3934,long,True,long,19,16,1,94.171875,0.005494985153647836
full_token_uniform,3934,long,True,long,20,284, =,86.37109375,0.005039804908424892
full_token_uniform,11432,long,True,short,1,17,2,887.30859375,0.04071714195781282
full_token_uniform,11432,long,True,short,2,15,0,813.703125,0.03733950723064425
full_token_uniform,11432,long,True,short,3,90,{,587.65625,0.026966585382117447
full_token_uniform,11432,long,True,short,4,16,1,561.01171875,0.025743911366620086
full_token_uniform,11432,long,True,short,5,315, of,447.5078125,0.020535402516259897
full_token_uniform,11432,long,True,short,6,30191, cents,391.375,0.01795955944300127
full_token_uniform,11432,long,True,short,7,8756, miles,333.3515625,0.015296958676808952
full_token_uniform,11432,long,True,short,8,817, per,323.8984375,0.014863170212140484
full_token_uniform,11432,long,True,short,9,1318,text,278.34765625,0.012772919267306188
full_token_uniform,11432,long,True,short,10,18,3,262.9296875,0.012065413866460551
full_token_uniform,11432,long,True,short,11,24308,etermine,248.9765625,0.01142512775249536
full_token_uniform,11432,long,True,short,12,20,5,244.8828125,0.011237272252093478
full_token_uniform,11432,long,True,short,13,7595,Total,224.796875,0.010315561390388825
full_token_uniform,11432,long,True,short,14,25,:,216.6640625,0.009942359909628598
full_token_uniform,11432,long,True,short,15,19,4,204.08984375,0.009365349551046865
full_token_uniform,11432,long,True,short,16,21,6,203.1953125,0.009324300973191873
full_token_uniform,11432,long,True,short,17,2833,Number,199.9296875,0.009174446776306402
full_token_uniform,11432,long,True,short,18,16302, pounds,190.296875,0.0087324127457806
full_token_uniform,11432,long,True,short,19,4115, hours,187.703125,0.008613389795144293
full_token_uniform,11432,long,True,short,20,25374, cups,184.6875,0.008475007689886419
full_token_uniform,11432,long,True,long,1,315, of,2650.7734375,0.03638054830462178
full_token_uniform,11432,long,True,long,2,90,{,1794.34375,0.024626476389297675
full_token_uniform,11432,long,True,long,3,17,2,1606.796875,0.022052488718833717
full_token_uniform,11432,long,True,long,4,7595,Total,1571.234375,0.021564411076746243
full_token_uniform,11432,long,True,long,5,15,0,1502.1015625,0.020615597576124082
full_token_uniform,11432,long,True,long,6,16,1,1294.89453125,0.017771784029932285
full_token_uniform,11432,long,True,long,7,2833,Number,1267.5,0.017395807700411253
full_token_uniform,11432,long,True,long,8,817, per,1145.1796875,0.015717022190269863
full_token_uniform,11432,long,True,long,9,1318,text,994.47265625,0.013648643070171346
full_token_uniform,11432,long,True,long,10,30191, cents,974.8125,0.013378817194443506
full_token_uniform,11432,long,True,long,11,4420, minutes,777.015625,0.010664153367033422
full_token_uniform,11432,long,True,long,12,320, (,724.6875,0.009945975852380102
full_token_uniform,11432,long,True,long,13,4115, hours,665.65625,0.009135801277772684
full_token_uniform,11432,long,True,long,14,594,'s,659.3515625,0.009049272574529145
full_token_uniform,11432,long,True,long,15,11192, dollars,650.40625,0.008926502605243082
full_token_uniform,11432,long,True,long,16,20,5,624.578125,0.008572024423182186
full_token_uniform,11432,long,True,long,17,1561,ars,620.59375,0.008517340856076604
full_token_uniform,11432,long,True,long,18,25,:,617.71875,0.008477882909616105
full_token_uniform,11432,long,True,long,19,1124, \,523.17578125,0.007180327640345107
full_token_uniform,11432,long,True,long,20,16302, pounds,493.65625,0.006775186741701099
full_token_uniform,2329,long,True,short,1,220, ,5004.60546875,0.14993601985198549
full_token_uniform,2329,long,True,short,2,16,1,3459.3046875,0.10363941364365246
full_token_uniform,2329,long,True,short,3,15,0,2201.8203125,0.06596567424683768
full_token_uniform,2329,long,True,short,4,1124, \,1861.54296875,0.055771098293496024
full_token_uniform,2329,long,True,short,5,256,  ,1833.015625,0.05491643024712698
full_token_uniform,2329,long,True,short,6,17,2,1631.2578125,0.04887184520057607
full_token_uniform,2329,long,True,short,7,279, the,1180.578125,0.035369658266195335
full_token_uniform,2329,long,True,short,8,13,.,896.953125,0.02687236434441472
full_token_uniform,2329,long,True,short,9,1318,text,817.921875,0.024504619046025213
full_token_uniform,2329,long,True,short,10,315, of,603.3828125,0.018077112755092606
full_token_uniform,2329,long,True,short,11,18,3,561.6875,0.016827937522045474
full_token_uniform,2329,long,True,short,12,19,4,500.9609375,0.015008593492351757
full_token_uniform,2329,long,True,short,13,90,{,457.09375,0.013694349734892575
full_token_uniform,2329,long,True,short,14,20,5,456.39453125,0.01367340141498294
full_token_uniform,2329,long,True,short,15,11,",",391.1171875,0.011717717761296353
full_token_uniform,2329,long,True,short,16,92,},345.1796875,0.010341448252149426
full_token_uniform,2329,long,True,short,17,35,D,344.9140625,0.01033349023117817
full_token_uniform,2329,long,True,short,18,21,6,325.0703125,0.009738979252737149
full_token_uniform,2329,long,True,short,19,624,.\n,323.3125,0.00968631587866265
full_token_uniform,2329,long,True,short,20,400, $,256.2265625,0.00767644746453941
full_token_uniform,2329,long,True,long,1,1124, \,7933.181640625,0.1337689095485829
full_token_uniform,2329,long,True,long,2,220, ,7279.71875,0.12275025117553642
full_token_uniform,2329,long,True,long,3,16,1,4586.12890625,0.07733107479812673
full_token_uniform,2329,long,True,long,4,1318,text,4027.8359375,0.0679171668578511
full_token_uniform,2329,long,True,long,5,15,0,2594.26171875,0.04374431053282674
full_token_uniform,2329,long,True,long,6,17,2,2230.1875,0.0376053093800556
full_token_uniform,2329,long,True,long,7,256,  ,2153.375,0.03631010087101521
full_token_uniform,2329,long,True,long,8,279, the,1804.578125,0.030428705519650545
full_token_uniform,2329,long,True,long,9,13,.,1350.1953125,0.022766925404282535
full_token_uniform,2329,long,True,long,10,90,{,1190.8828125,0.020080606047452623
full_token_uniform,2329,long,True,long,11,315, of,885.078125,0.014924142797923727
full_token_uniform,2329,long,True,long,12,11,",",705.421875,0.011894788152491174
full_token_uniform,2329,long,True,long,13,92,},671.0234375,0.011314763430633479
full_token_uniform,2329,long,True,long,14,18,3,658.11328125,0.01109707302571187
full_token_uniform,2329,long,True,long,15,19,4,577.08203125,0.009730728166500424
full_token_uniform,2329,long,True,long,16,35,D,529.296875,0.008924977266831429
full_token_uniform,2329,long,True,long,17,20,5,506.1875,0.008535308148672205
full_token_uniform,2329,long,True,long,18,624,.\n,425.4296875,0.0071735739788236965
full_token_uniform,2329,long,True,long,19,1372, number,387.140625,0.006527945734030474
full_token_uniform,2329,long,True,long,20,21,6,335.9140625,0.00566416601537935
full_token_uniform,27482,long,True,short,1,315, of,470.8984375,0.06262825674727901
full_token_uniform,27482,long,True,short,2,279, the,465.1484375,0.0618635218328701
full_token_uniform,27482,long,True,short,3,90,{,444.28125,0.059088240642127955
full_token_uniform,27482,long,True,short,4,320, (,267.2890625,0.035548744057978546
full_token_uniform,27482,long,True,short,5,220, ,228.484375,0.03038782242772164
full_token_uniform,27482,long,True,short,6,311, to,168.578125,0.022420448346624412
full_token_uniform,27482,long,True,short,7,369, for,156.0234375,0.02075070784736473
full_token_uniform,27482,long,True,short,8,504, from,147.75,0.019650362365898642
full_token_uniform,27482,long,True,short,9,17,2,140.46875,0.01868197521884822
full_token_uniform,27482,long,True,short,10,18,3,106.8984375,0.014217211730784217
full_token_uniform,27482,long,True,short,11,15,0,98.65625,0.013121022417331221
full_token_uniform,27482,long,True,short,12,1682, child,97.03125,0.01290490168065044
full_token_uniform,27482,long,True,short,13,2684, got,80.5,0.01070628880172481
full_token_uniform,27482,long,True,short,14,16,1,80.140625,0.010658492869574253
full_token_uniform,27482,long,True,short,15,594,'s,78.859375,0.010488089981037483
full_token_uniform,27482,long,True,short,16,304, in,73.1640625,0.009730628360651479
full_token_uniform,27482,long,True,short,17,425, B,71.640625,0.009528015170013247
full_token_uniform,27482,long,True,short,18,25374, cups,60.734375,0.008077512533444164
full_token_uniform,27482,long,True,short,19,25,:,58.5703125,0.007789697898537548
full_token_uniform,27482,long,True,short,20,323, and,58.125,0.0077304725043509884
full_token_uniform,27482,long,True,long,1,90,{,2423.15625,0.14705782646347698
full_token_uniform,27482,long,True,long,2,315, of,984.6953125,0.05975972551709129
full_token_uniform,27482,long,True,long,3,279, the,959.4765625,0.058229236279706865
full_token_uniform,27482,long,True,long,4,320, (,604.71875,0.036699500907838994
full_token_uniform,27482,long,True,long,5,220, ,471.125,0.028591890635449365
full_token_uniform,27482,long,True,long,6,311, to,299.859375,0.018198029092097
full_token_uniform,27482,long,True,long,7,15,0,260.7734375,0.015825960425853415
full_token_uniform,27482,long,True,long,8,17,2,239.2578125,0.014520208455668558
full_token_uniform,27482,long,True,long,9,18,3,182.8984375,0.011099840005082665
full_token_uniform,27482,long,True,long,10,369, for,173.421875,0.010524721217924266
full_token_uniform,27482,long,True,long,11,594,'s,165.34375,0.010034471567535327
full_token_uniform,27482,long,True,long,12,304, in,152.65625,0.00926448565628616
full_token_uniform,27482,long,True,long,13,11877, ride,141.59375,0.008593118630221615
full_token_uniform,27482,long,True,long,14,425, B,137.71875,0.008357950519396747
full_token_uniform,27482,long,True,long,15,879, who,133.671875,0.008112351564946581
full_token_uniform,27482,long,True,long,16,817, per,124.3828125,0.007548611879924869
full_token_uniform,27482,long,True,long,17,389, on,123.984375,0.007524431287884409
full_token_uniform,27482,long,True,long,18,1318,text,123.125,0.007472277069757926
full_token_uniform,27482,long,True,long,19,25374, cups,114.9375,0.006975389609789252
full_token_uniform,27482,long,True,long,20,16,1,112.609375,0.006834099091592052
full_token_uniform,20088,long,False,short,1,2533,]\n\n,1651.3828125,0.3518560595656918
full_token_uniform,20088,long,False,short,2,921,]\n,1187.03125,0.25291781835493554
full_token_uniform,20088,long,False,short,3,256,  ,361.98046875,0.07712628495951301
full_token_uniform,20088,long,False,short,4,198,\n,173.609375,0.03699052099172948
full_token_uniform,20088,long,False,short,5,624,.\n,159.4140625,0.03396596079723878
full_token_uniform,20088,long,False,short,6,340,)\n,149.7421875,0.031905198265164206
full_token_uniform,20088,long,False,short,7,1124, \,135.609375,0.02889395479139773
full_token_uniform,20088,long,False,short,8,692,)\n\n,123.7421875,0.026365442443884588
full_token_uniform,20088,long,False,short,9,271,\n\n,104.6328125,0.022293855082451308
full_token_uniform,20088,long,False,short,10,8,),55.8828125,0.01190681291755202
full_token_uniform,20088,long,False,short,11,382,.\n\n,48.16796875,0.010263030203154897
full_token_uniform,20088,long,False,short,12,1019,**\n,32.4453125,0.0069130426459658246
full_token_uniform,20088,long,False,short,13,57758,\),28.0390625,0.0059742138349076195
full_token_uniform,20088,long,False,short,14,4292,).\n,25.9609375,0.005531432870826977
full_token_uniform,20088,long,False,short,15,1116,ush,24.859375,0.005296725668062425
full_token_uniform,20088,long,False,short,16,510,:\n,20.3203125,0.004329598825465232
full_token_uniform,20088,long,False,short,17,429, that,19.71875,0.0042014253884945195
full_token_uniform,20088,long,False,short,18,2055, So,19.1171875,0.004073251951523808
full_token_uniform,20088,long,False,short,19,60,],18.578125,0.0039583952352773245
full_token_uniform,20088,long,False,short,20,15,0,17.015625,0.0036254772171715782
full_token_uniform,20088,long,False,long,1,2533,]\n\n,4825.5703125,0.372474403702836
full_token_uniform,20088,long,False,long,2,921,]\n,3922.625,0.3027781823093759
full_token_uniform,20088,long,False,long,3,256,  ,1118.95703125,0.08636965705469438
full_token_uniform,20088,long,False,long,4,1124, \,732.3984375,0.056532109909174864
full_token_uniform,20088,long,False,long,5,198,\n,235.734375,0.01819578103192041
full_token_uniform,20088,long,False,long,6,340,)\n,164.8125,0.012721488587836977
full_token_uniform,20088,long,False,long,7,624,.\n,161.59375,0.01247304085849545
full_token_uniform,20088,long,False,long,8,257,    ,158.4140625,0.012227608271500302
full_token_uniform,20088,long,False,long,9,692,)\n\n,143.3828125,0.011067381496614145
full_token_uniform,20088,long,False,long,10,481, -,105.578125,0.008149326733789765
full_token_uniform,20088,long,False,long,11,271,\n\n,102.7734375,0.007932839513319844
full_token_uniform,20088,long,False,long,12,1019,**\n,101.40625,0.007827309531196622
full_token_uniform,20088,long,False,long,13,382,.\n\n,94.484375,0.007293026307418487
full_token_uniform,20088,long,False,long,14,510,:\n,83.703125,0.006460847019818229
full_token_uniform,20088,long,False,long,15,4292,).\n,72.9921875,0.005634094988441452
full_token_uniform,20088,long,False,long,16,9640,[\n,64.26953125,0.004960813702495302
full_token_uniform,20088,long,False,long,17,3593,).\n\n,55.8671875,0.004312256583789449
full_token_uniform,20088,long,False,long,18,8,),54.3046875,0.00419165088993434
full_token_uniform,20088,long,False,long,19,90,{,49.3125,0.0038063156980672635
full_token_uniform,20088,long,False,long,20,59,\,42.046875,0.003245499221641003
full_token_uniform,28040,long,False,short,1,198,\n,2520.15625,0.28158969244501086
full_token_uniform,28040,long,False,short,2,256,  ,762.390625,0.08518572672496383
full_token_uniform,28040,long,False,short,3,1124, \,759.56640625,0.0848701626049971
full_token_uniform,28040,long,False,short,4,284, =,601.7421875,0.06723567140303824
full_token_uniform,28040,long,False,short,5,921,]\n,538.4765625,0.06016668594386625
full_token_uniform,28040,long,False,short,6,624,.\n,489.234375,0.05466460946212248
full_token_uniform,28040,long,False,short,7,481, -,445.8515625,0.049817230324708056
full_token_uniform,28040,long,False,short,8,2533,]\n\n,309.15625,0.0345435777464008
full_token_uniform,28040,long,False,short,9,271,\n\n,209.78125,0.023439910786575213
full_token_uniform,28040,long,False,short,10,340,)\n,180.2421875,0.020139363241362906
full_token_uniform,28040,long,False,short,11,17,2,139.57421875,0.015595327206821073
full_token_uniform,28040,long,False,short,12,92,},127.140625,0.014206059442154216
full_token_uniform,28040,long,False,short,13,59,\,122.7890625,0.013719837547765627
full_token_uniform,28040,long,False,short,14,382,.\n\n,111.421875,0.012449724699766709
full_token_uniform,28040,long,False,short,15,12,-,108.9375,0.01217213302577107
full_token_uniform,28040,long,False,short,16,8,),108.09375,0.012077856608187646
full_token_uniform,28040,long,False,short,17,1019,**\n,85.5390625,0.00955770829741591
full_token_uniform,28040,long,False,short,18,4292,).\n,77.7890625,0.008691761943316305
full_token_uniform,28040,long,False,short,19,220, ,63.421875,0.007086444055020765
full_token_uniform,28040,long,False,short,20,3417,}},62.453125,0.006978200760758314
full_token_uniform,28040,long,False,long,1,1124, \,3416.28125,0.1752378601363964
full_token_uniform,28040,long,False,long,2,921,]\n,2205.2578125,0.11311851449922937
full_token_uniform,28040,long,False,long,3,256,  ,1739.734375,0.08923952882413619
full_token_uniform,28040,long,False,long,4,198,\n,1671.59375,0.08574426118088911
full_token_uniform,28040,long,False,long,5,2533,]\n\n,1472.4921875,0.07553136323452918
full_token_uniform,28040,long,False,long,6,284, =,1001.3515625,0.05136424439783375
full_token_uniform,28040,long,False,long,7,257,    ,983.453125,0.050446145547721505
full_token_uniform,28040,long,False,long,8,624,.\n,672.1015625,0.034475393267702555
full_token_uniform,28040,long,False,long,9,92,},590.96875,0.030313692456521546
full_token_uniform,28040,long,False,long,10,532,}\n,460.6328125,0.02362812147597915
full_token_uniform,28040,long,False,long,11,4292,).\n,409.7109375,0.021016088169548933
full_token_uniform,28040,long,False,long,12,510,:\n,314.171875,0.01611541997311826
full_token_uniform,28040,long,False,long,13,481, -,303.484375,0.015567205557162974
full_token_uniform,28040,long,False,long,14,340,)\n,273.6640625,0.014037575129018737
full_token_uniform,28040,long,False,long,15,382,.\n\n,258.953125,0.013282978824015959
full_token_uniform,28040,long,False,long,16,271,\n\n,229.3359375,0.011763767675707129
full_token_uniform,28040,long,False,long,17,3593,).\n\n,218.703125,0.011218358450476763
full_token_uniform,28040,long,False,long,18,78045,\[,180.7734375,0.009272758311980489
full_token_uniform,28040,long,False,long,19,59,\,178.5,0.009156142526130352
full_token_uniform,28040,long,False,long,20,8,),178.2265625,0.009142116572505765
full_token_uniform,27193,long,False,short,1,1124, \,342.52734375,0.46286990213363455
full_token_uniform,27193,long,False,short,2,8304,Step,171.94921875,0.23236135598230592
full_token_uniform,27193,long,False,short,3,220, ,48.375,0.06537093147242956
full_token_uniform,27193,long,False,short,4,59,\,31.6328125,0.04274659262465557
full_token_uniform,27193,long,False,short,5,15,0,25.98828125,0.0351189282207747
full_token_uniform,27193,long,False,short,6,256,  ,20.6875,0.027955785939759926
full_token_uniform,27193,long,False,short,7,16,1,10.85546875,0.014669397493692001
full_token_uniform,27193,long,False,short,8,279, the,5.8828125,0.007949662693594874
full_token_uniform,27193,long,False,short,9,2163, around,5.125,0.006925602559094604
full_token_uniform,27193,long,False,short,10,19,4,5.0859375,0.006872815954223456
full_token_uniform,27193,long,False,short,11,4115, hours,4.765625,0.006439965794280043
full_token_uniform,27193,long,False,short,12,6383,impl,4.40625,0.0059543290294654825
full_token_uniform,27193,long,False,short,13,20269, surf,4.3984375,0.005943771708491253
full_token_uniform,27193,long,False,short,14,25,:,4.2890625,0.00579596921485204
full_token_uniform,27193,long,False,short,15,15170,}{,3.9609375,0.005352561733934397
full_token_uniform,27193,long,False,short,16,3786, together,3.765625,0.0050886287095786575
full_token_uniform,27193,long,False,short,17,2533,]\n\n,3.6640625,0.0049513835369136725
full_token_uniform,27193,long,False,short,18,315, of,3.5703125,0.004824695685222918
full_token_uniform,27193,long,False,short,19,3696,stit,3.53125,0.00477190908035177
full_token_uniform,27193,long,False,short,20,14374,###,3.4296875,0.004634663907686786
full_token_uniform,27193,long,False,long,1,1124, \,1528.32421875,0.6716513224415944
full_token_uniform,27193,long,False,long,2,8304,Step,167.58203125,0.07364713031804862
full_token_uniform,27193,long,False,long,3,59,\,106.9296875,0.04699229727340302
full_token_uniform,27193,long,False,long,4,220, ,77.81640625,0.034197908744920784
full_token_uniform,27193,long,False,long,5,3696,stit,58.671875,0.02578447815615231
full_token_uniform,27193,long,False,long,6,256,  ,34.82421875,0.015304169291750856
full_token_uniform,27193,long,False,long,7,14374,###,19.765625,0.008686382121846251
full_token_uniform,27193,long,False,long,8,16,1,17.921875,0.007876110904156245
full_token_uniform,27193,long,False,long,9,2533,]\n\n,15.26953125,0.006710487690572529
full_token_uniform,27193,long,False,long,10,76,m,13.578125,0.005967166848920468
full_token_uniform,27193,long,False,long,11,62,_,12.32421875,0.005416113753838918
full_token_uniform,27193,long,False,long,12,279, the,12.125,0.005328563262096989
full_token_uniform,27193,long,False,long,13,19,4,11.375,0.004998961410833258
full_token_uniform,27193,long,False,long,14,1318,text,9.2578125,0.004068522851536683
full_token_uniform,27193,long,False,long,15,342, g,9.09765625,0.003998139122881407
full_token_uniform,27193,long,False,long,16,20269, surf,8.75,0.003845354931410198
full_token_uniform,27193,long,False,long,17,315, of,8.1484375,0.003580986779875747
full_token_uniform,27193,long,False,long,18,334,**,8.046875,0.00353635319585045
full_token_uniform,27193,long,False,long,19,4024, original,7.3359375,0.0032239181076733716
full_token_uniform,27193,long,False,long,20,25,:,7.15625,0.003144950997474769
full_token_uniform,24176,long,True,short,1,18,3,2493.015625,0.3603038644713874
full_token_uniform,24176,long,True,short,2,19,4,1154.359375,0.16683415042826916
full_token_uniform,24176,long,True,short,3,20,5,455.546875,0.0658380548699385
full_token_uniform,24176,long,True,short,4,3070, **,361.0703125,0.052183800067294596
full_token_uniform,24176,long,True,short,5,8304,Step,314.24609375,0.04541651517854522
full_token_uniform,24176,long,True,short,6,17,2,246.61328125,0.03564186175702133
full_token_uniform,24176,long,True,short,7,1124, \,165.90234375,0.02397708822141278
full_token_uniform,24176,long,True,short,8,12,-,142.0,0.020522594500360185
full_token_uniform,24176,long,True,short,9,220, ,141.203125,0.02040742589125825
full_token_uniform,24176,long,True,short,10,47866,Calculate,136.796875,0.019770611229165208
full_token_uniform,24176,long,True,short,11,21,6,128.71875,0.01860311768199463
full_token_uniform,24176,long,True,short,12,13,.,91.7578125,0.013261326606884373
full_token_uniform,24176,long,True,short,13,481, -,84.296875,0.012183032276567253
full_token_uniform,24176,long,True,short,14,1019,**\n,83.16796875,0.012019876747006181
full_token_uniform,24176,long,True,short,15,25,:,63.1640625,0.009128805927344415
full_token_uniform,24176,long,True,short,16,14374,###,56.390625,0.008149872749977983
full_token_uniform,24176,long,True,short,17,382,.\n\n,49.859375,0.007205941796946451
full_token_uniform,24176,long,True,short,18,2533,]\n\n,46.3828125,0.006703490512138997
full_token_uniform,24176,long,True,short,19,256,  ,40.1484375,0.00580246551151799
full_token_uniform,24176,long,True,short,20,334,**,33.421875,0.004830306958216377
full_token_uniform,24176,long,True,long,1,18,3,3426.1640625,0.2671285413228634
full_token_uniform,24176,long,True,long,2,19,4,2153.8671875,0.1679310708723696
full_token_uniform,24176,long,True,long,3,1124, \,934.275390625,0.07284286967548118
full_token_uniform,24176,long,True,long,4,20,5,922.4609375,0.07192172942293129
full_token_uniform,24176,long,True,long,5,14374,###,683.890625,0.05332106161528316
full_token_uniform,24176,long,True,long,6,3070, **,536.7890625,0.04185195940648051
full_token_uniform,24176,long,True,long,7,8304,Step,390.04296875,0.030410572113525776
full_token_uniform,24176,long,True,long,8,17,2,319.8125,0.02493489659671493
full_token_uniform,24176,long,True,long,9,21,6,293.703125,0.022899220799709328
full_token_uniform,24176,long,True,long,10,334,**,235.7109375,0.018377730242805503
full_token_uniform,24176,long,True,long,11,481, -,199.6328125,0.015564818563998842
full_token_uniform,24176,long,True,long,12,220, ,196.20703125,0.01529771986950843
full_token_uniform,24176,long,True,long,13,2533,]\n\n,190.2890625,0.014836312204567752
full_token_uniform,24176,long,True,long,14,25,:,163.171875,0.012722060052740571
full_token_uniform,24176,long,True,long,15,1019,**\n,116.94921875,0.009118207313966292
full_token_uniform,24176,long,True,long,16,12,-,114.015625,0.008889483118342234
full_token_uniform,24176,long,True,long,17,22,7,112.9375,0.008805424692254031
full_token_uniform,24176,long,True,long,18,47866,Calculate,110.78125,0.008637307840077626
full_token_uniform,24176,long,True,long,19,13,.,107.328125,0.008368077228983528
full_token_uniform,24176,long,True,long,20,256,  ,102.421875,0.007985550478379243
full_trace_balanced,11983,short,False,short,1,16141,Answer,4271.3125,0.6290838881307489
full_trace_balanced,11983,short,False,short,2,25,:,2427.5703125,0.35753538775219024
full_trace_balanced,11983,short,False,short,3,11,",",13.40234375,0.001973912823356952
full_trace_balanced,11983,short,False,short,4,21806, Answer,6.875,0.0010125580207252217
full_trace_balanced,11983,short,False,short,5,16,1,6.8125,0.0010033529478095378
full_trace_balanced,11983,short,False,short,6,2750, values,6.125,0.0009020971457370157
full_trace_balanced,11983,short,False,short,7,279, the,5.484375,0.0008077451483512564
full_trace_balanced,11983,short,False,short,8,24632, smallest,4.78125,0.0007041880780498133
full_trace_balanced,11983,short,False,short,9,1019,**\n,4.109375,0.000605233544206212
full_trace_balanced,11983,short,False,short,10,5624, Number,3.375,0.000497073937446927
full_trace_balanced,11983,short,False,short,11,315, of,3.2734375,0.0004821156939589408
full_trace_balanced,11983,short,False,short,12,60,],2.71875,0.00040042067183224675
full_trace_balanced,11983,short,False,short,13,70466, Zack,2.390625,0.00035209403902490663
full_trace_balanced,11983,short,False,short,14,369, for,2.375,0.00034979277079598566
full_trace_balanced,11983,short,False,short,15,63514, tails,2.34375,0.00034519023433814377
full_trace_balanced,11983,short,False,short,16,2833,Number,2.21875,0.00032678008850677606
full_trace_balanced,11983,short,False,short,17,220, ,2.03125,0.00029916486975972457
full_trace_balanced,11983,short,False,short,18,4217, players,2.03125,0.00029916486975972457
full_trace_balanced,11983,short,False,short,19,30696, traveled,1.984375,0.0002922610650729617
full_trace_balanced,11983,short,False,short,20,37414,lices,1.9765625,0.0002911104309585012
full_trace_balanced,11983,short,False,long,1,16141,Answer,4270.25,0.6292068608265224
full_trace_balanced,11983,short,False,long,2,25,:,2394.578125,0.3528329688039599
full_trace_balanced,11983,short,False,long,3,21806, Answer,21.609375,0.003184068147807068
full_trace_balanced,11983,short,False,long,4,11,",",11.3828125,0.0016772188327385748
full_trace_balanced,11983,short,False,long,5,1124, \,9.2421875,0.001361804995970991
full_trace_balanced,11983,short,False,long,6,54815,Therefore,8.5859375,0.001265108783239323
full_trace_balanced,11983,short,False,long,7,4217, players,8.171875,0.0012040980775871993
full_trace_balanced,11983,short,False,long,8,256,  ,7.640625,0.0011258201910901346
full_trace_balanced,11983,short,False,long,9,510,:\n,6.140625,0.0009048002762748936
full_trace_balanced,11983,short,False,long,10,1372, number,4.796875,0.0007068032692529066
full_trace_balanced,11983,short,False,long,11,315, of,3.9453125,0.0005813284217796707
full_trace_balanced,11983,short,False,long,12,16,1,3.8671875,0.0005698169678830436
full_trace_balanced,11983,short,False,long,13,1635, years,3.734375,0.0005502474962587775
full_trace_balanced,11983,short,False,long,14,279, the,3.4453125,0.000507655116841257
full_trace_balanced,11983,short,False,long,15,78045,\[,3.078125,0.00045355128352710946
full_trace_balanced,11983,short,False,long,16,4226, answer,2.828125,0.0004167146310579026
full_trace_balanced,11983,short,False,long,17,24632, smallest,2.390625,0.0003522504892367906
full_trace_balanced,11983,short,False,long,18,30696, traveled,2.28125,0.0003361344537815126
full_trace_balanced,11983,short,False,long,19,90,{,2.15625,0.0003177161275469092
full_trace_balanced,11983,short,False,long,20,369, for,2.15625,0.0003177161275469092
full_trace_balanced,2645,short,True,short,1,16141,Answer,4298.4375,0.9694564823812473
full_trace_balanced,2645,short,True,short,2,42632, cans,9.890625,0.002230701393483568
full_trace_balanced,2645,short,True,short,3,279, the,9.03125,0.0020368805773041112
full_trace_balanced,2645,short,True,short,4,24832, Andy,8.0625,0.0018183916572472687
full_trace_balanced,2645,short,True,short,5,389, on,7.8671875,0.0017743414717519375
full_trace_balanced,2645,short,True,short,6,198,\n,6.734375,0.001518850395879017
full_trace_balanced,2645,short,True,short,7,11678, Lake,6.59375,0.0014871342623223786
full_trace_balanced,2645,short,True,short,8,21806, Answer,6.59375,0.0014871342623223786
full_trace_balanced,2645,short,True,short,9,19,4,5.421875,0.0012228331493503919
full_trace_balanced,2645,short,True,short,10,20,5,4.875,0.0010994926299634647
full_trace_balanced,2645,short,True,short,11,256,  ,4.828125,0.0010889205854445853
full_trace_balanced,2645,short,True,short,12,17,2,4.3671875,0.0009849621476756038
full_trace_balanced,2645,short,True,short,13,1124, \,4.25,0.0009585320363784052
full_trace_balanced,2645,short,True,short,14,16,1,3.94140625,0.0008889327432957821
full_trace_balanced,2645,short,True,short,15,9664, remaining,3.4453125,0.000777045272137641
full_trace_balanced,2645,short,True,short,16,576, The,3.140625,0.0007083269827649245
full_trace_balanced,2645,short,True,short,17,220, ,3.109375,0.0007012789530856714
full_trace_balanced,2645,short,True,short,18,323, and,3.03125,0.000683658878887539
full_trace_balanced,2645,short,True,short,19,353, *,2.96875,0.000669562819529033
full_trace_balanced,2645,short,True,short,20,582, we,2.890625,0.0006519427453309006
full_trace_balanced,2645,short,True,long,1,16141,Answer,4295.0,0.9616854685365329
full_trace_balanced,2645,short,True,long,2,21806, Answer,20.0,0.004478162833697476
full_trace_balanced,2645,short,True,long,3,42632, cans,12.046875,0.0026973933943599637
full_trace_balanced,2645,short,True,long,4,4226, answer,11.4375,0.0025609493705207437
full_trace_balanced,2645,short,True,long,5,284, =,11.390625,0.0025504536763792654
full_trace_balanced,2645,short,True,long,6,1124, \,10.2578125,0.0022968077346268694
full_trace_balanced,2645,short,True,long,7,389, on,6.9609375,0.001558610580009551
full_trace_balanced,2645,short,True,long,8,25,:,6.6484375,0.001488639285733028
full_trace_balanced,2645,short,True,long,9,256,  ,6.203125,0.0013889301913889826
full_trace_balanced,2645,short,True,long,10,15181, Speed,5.78125,0.0012944689441156765
full_trace_balanced,2645,short,True,long,11,11678, Lake,4.40625,0.0009865952492989752
full_trace_balanced,2645,short,True,long,12,362, A,4.34375,0.0009726009904436704
full_trace_balanced,2645,short,True,long,13,279, the,4.21875,0.0009446124727330613
full_trace_balanced,2645,short,True,long,14,24832, Andy,3.8828125,0.000869393331385799
full_trace_balanced,2645,short,True,long,15,18,3,3.8359375,0.0008588976372443205
full_trace_balanced,2645,short,True,long,16,323, and,3.0703125,0.000687467966266839
full_trace_balanced,2645,short,True,long,17,582, we,2.9296875,0.0006559808838424037
full_trace_balanced,2645,short,True,long,18,3405, question,2.921875,0.0006542316014854906
full_trace_balanced,2645,short,True,long,19,5562, dog,2.65625,0.000594756001350446
full_trace_balanced,2645,short,True,long,20,3872,Is,2.53125,0.0005667674836398368
full_trace_balanced,987,short,False,short,1,16141,Answer,5785.125,0.5934640858119241
full_trace_balanced,987,short,False,short,2,25,:,3864.5,0.3964377536561753
full_trace_balanced,987,short,False,short,3,66229, seaw,13.59375,0.0013945078829767454
full_trace_balanced,987,short,False,short,4,21806, Answer,8.625,0.0008847912085093833
full_trace_balanced,987,short,False,short,5,1657, many,7.6328125,0.000783008161878322
full_trace_balanced,987,short,False,short,6,23268, apple,6.84375,0.0007020625893607063
full_trace_balanced,987,short,False,short,7,481, -,6.015625,0.0006171098102828127
full_trace_balanced,987,short,False,short,8,18805, eggs,5.8046875,0.0005954708948573114
full_trace_balanced,987,short,False,short,9,92,},5.40625,0.0005545973879424758
full_trace_balanced,987,short,False,short,10,3564,New,4.34375,0.00044560136950291406
full_trace_balanced,987,short,False,short,11,624,.\n,4.1796875,0.00042877110194974643
full_trace_balanced,987,short,False,short,12,1532, New,3.984375,0.0004087350691483564
full_trace_balanced,987,short,False,short,13,4226, answer,3.78125,0.0003878975950349108
full_trace_balanced,987,short,False,short,14,3491, problem,3.7734375,0.00038709615372285516
full_trace_balanced,987,short,False,short,15,315, of,3.1015625,0.00031817220088607354
full_trace_balanced,987,short,False,short,16,256,  ,2.53125,0.00025966698510601464
full_trace_balanced,987,short,False,short,17,705, up,2.296875,0.00023562374574434664
full_trace_balanced,987,short,False,short,18,61183, aquarium,2.25,0.00023081509787201303
full_trace_balanced,987,short,False,short,19,84038, oranges,2.0625,0.0002115805063826786
full_trace_balanced,987,short,False,short,20,19120, golf,1.7890625,0.00018353006046073258
full_trace_balanced,987,short,False,long,1,16141,Answer,5784.1875,0.589418777943368
full_trace_balanced,987,short,False,long,2,25,:,3830.7890625,0.39036407581489546
full_trace_balanced,987,short,False,long,3,4226, answer,32.0625,0.0032672245786999885
full_trace_balanced,987,short,False,long,4,21806, Answer,29.5625,0.0030124702255849797
full_trace_balanced,987,short,False,long,5,510,:\n,10.796875,0.0011002203625154446
full_trace_balanced,987,short,False,long,6,374, is,7.3984375,0.0007539136637497294
full_trace_balanced,987,short,False,long,7,4279, half,6.4140625,0.0006536041372106946
full_trace_balanced,987,short,False,long,8,66229, seaw,6.03125,0.0006145948768899589
full_trace_balanced,987,short,False,long,9,1134,ages,5.3671875,0.0005469257518437847
full_trace_balanced,987,short,False,long,10,3491, problem,5.03125,0.0005126931356439553
full_trace_balanced,987,short,False,long,11,279, the,4.765625,0.0004856254856254856
full_trace_balanced,987,short,False,long,12,21,6,4.21875,0.00042989797088157744
full_trace_balanced,987,short,False,long,13,700, out,4.140625,0.0004219368973467334
full_trace_balanced,987,short,False,long,14,1657, many,4.0390625,0.0004115875017514362
full_trace_balanced,987,short,False,long,15,220, ,3.8984375,0.00039725756938871693
full_trace_balanced,987,short,False,long,16,10607,uting,3.875,0.0003948692473282637
full_trace_balanced,987,short,False,long,17,17767, \(,3.7734375,0.0003845198517329665
full_trace_balanced,987,short,False,long,18,18805, eggs,3.7109375,0.00037815099290509127
full_trace_balanced,987,short,False,long,19,5274, leave,3.59375,0.0003662093826028252
full_trace_balanced,987,short,False,long,20,54815,Therefore,3.4765625,0.0003542677723005592
full_trace_balanced,24148,short,False,short,1,16141,Answer,5704.5625,0.6797442571429635
full_trace_balanced,24148,short,False,short,2,25,:,2605.953125,0.3105201619059322
full_trace_balanced,24148,short,False,short,3,21806, Answer,10.875,0.0012958432476512841
full_trace_balanced,24148,short,False,short,4,1019,**\n,6.953125,0.0008285204672483067
full_trace_balanced,24148,short,False,short,5,1091, than,6.421875,0.0007652177798630427
full_trace_balanced,24148,short,False,short,6,481, -,5.5078125,0.0006562999206854564
full_trace_balanced,24148,short,False,short,7,4226, answer,5.0,0.0005957899989201306
full_trace_balanced,24148,short,False,short,8,369, for,4.7109375,0.0005613458896075606
full_trace_balanced,24148,short,False,short,9,1447,:\n\n,4.3046875,0.0005129379521952999
full_trace_balanced,24148,short,False,short,10,15,0,4.1328125,0.0004924576709824205
full_trace_balanced,24148,short,False,short,11,3501, points,3.9921875,0.0004757010772627918
full_trace_balanced,24148,short,False,short,12,18,3,3.921875,0.0004673227804029775
full_trace_balanced,24148,short,False,short,13,20,5,3.6875,0.00043939512420359633
full_trace_balanced,24148,short,False,short,14,419, this,2.609375,0.0003109279056864432
full_trace_balanced,24148,short,False,short,15,2686, less,2.5,0.0002978949994600653
full_trace_balanced,24148,short,False,short,16,20972, kg,2.5,0.0002978949994600653
full_trace_balanced,24148,short,False,short,17,304, in,2.484375,0.0002960331557134399
full_trace_balanced,24148,short,False,short,18,553, by,2.484375,0.0002960331557134399
full_trace_balanced,24148,short,False,short,19,315, of,2.171875,0.00025879628078093176
full_trace_balanced,24148,short,False,short,20,17,2,1.9453125,0.00023179954645486333
full_trace_balanced,24148,short,False,long,1,16141,Answer,5722.5625,0.6710761443409947
full_trace_balanced,24148,short,False,long,2,25,:,2619.46875,0.30718109045933967
full_trace_balanced,24148,short,False,long,3,21806, Answer,34.4375,0.004038432908464173
full_trace_balanced,24148,short,False,long,4,4226, answer,28.078125,0.003292678737073556
full_trace_balanced,24148,short,False,long,5,369, for,16.53125,0.0019385943816493168
full_trace_balanced,24148,short,False,long,6,510,:\n,10.875,0.0012752946026728966
full_trace_balanced,24148,short,False,long,7,1091, than,8.578125,0.0010059435874531899
full_trace_balanced,24148,short,False,long,8,13023, Final,8.25,0.0009674648709932319
full_trace_balanced,24148,short,False,long,9,18,3,7.6796875,0.0009005851971461619
full_trace_balanced,24148,short,False,long,10,481, -,7.6796875,0.0009005851971461619
full_trace_balanced,24148,short,False,long,11,3136,Sub,5.84375,0.0006852876169535393
full_trace_balanced,24148,short,False,long,12,1318,text,5.8203125,0.0006825391372063994
full_trace_balanced,24148,short,False,long,13,9833, sports,5.4375,0.0006376473013364483
full_trace_balanced,24148,short,False,long,14,17,2,4.64453125,0.0005446570698915496
full_trace_balanced,24148,short,False,long,15,315, of,4.34375,0.000509384913136588
full_trace_balanced,24148,short,False,long,16,3501, points,4.0078125,0.0004699900367609166
full_trace_balanced,24148,short,False,long,17,54815,Therefore,3.9140625,0.00045899611777235717
full_trace_balanced,24148,short,False,long,18,1124, \,3.3828125,0.0003966972435038536
full_trace_balanced,24148,short,False,long,19,1447,:\n\n,3.2265625,0.00037837404518958786
full_trace_balanced,24148,short,False,long,20,382,.\n\n,2.5859375,0.00030324893210109823
full_trace_balanced,10702,short,False,short,1,16141,Answer,7812.6875,0.6470061318534501
full_trace_balanced,10702,short,False,short,2,25,:,4145.765625,0.34333073997932867
full_trace_balanced,10702,short,False,short,3,21806, Answer,13.9375,0.0011542312376768508
full_trace_balanced,10702,short,False,short,4,3322, enough,13.921875,0.001152937256468693
full_trace_balanced,10702,short,False,short,5,1318,text,6.55078125,0.0005425016215202014
full_trace_balanced,10702,short,False,short,6,4226, answer,6.09375,0.0005046526711815827
full_trace_balanced,10702,short,False,short,7,3070, **,4.9375,0.00040889806177789783
full_trace_balanced,10702,short,False,short,8,882, time,4.84375,0.0004011341745289504
full_trace_balanced,10702,short,False,short,9,14778,Distance,4.828125,0.0003998401933207925
full_trace_balanced,10702,short,False,short,10,2533,]\n\n,4.359375,0.00036102075707605537
full_trace_balanced,10702,short,False,short,11,1462,Time,4.21875,0.00034937492620263423
full_trace_balanced,10702,short,False,short,12,2790, total,4.125,0.0003416110389536868
full_trace_balanced,10702,short,False,short,13,624,.\n,4.046875,0.0003351411329128973
full_trace_balanced,10702,short,False,short,14,284, =,3.6953125,0.0003060265557293444
full_trace_balanced,10702,short,False,short,15,73877, Conclusion,3.265625,0.000270442072505002
full_trace_balanced,10702,short,False,short,16,20,5,3.234375,0.00026785411008868626
full_trace_balanced,10702,short,False,short,17,481, -,3.0859375,0.0002555612886111861
full_trace_balanced,10702,short,False,short,18,11,",",2.9375,0.00024326846713368605
full_trace_balanced,10702,short,False,short,19,17,2,2.90625,0.00024068050471737025
full_trace_balanced,10702,short,False,short,20,256,  ,2.71875,0.00022515273021947538
full_trace_balanced,10702,short,False,long,1,16141,Answer,7702.625,0.6425786150815039
full_trace_balanced,10702,short,False,long,2,25,:,4055.515625,0.338324611902293
full_trace_balanced,10702,short,False,long,3,4226, answer,44.484375,0.0037110346252435082
full_trace_balanced,10702,short,False,long,4,21806, Answer,43.46875,0.0036263078073155743
full_trace_balanced,10702,short,False,long,5,73877, Conclusion,23.703125,0.0019773935814873206
full_trace_balanced,10702,short,False,long,6,3322, enough,14.515625,0.0012109417516161642
full_trace_balanced,10702,short,False,long,7,510,:\n,12.578125,0.0010493090527997977
full_trace_balanced,10702,short,False,long,8,54815,Therefore,12.2734375,0.0010238910074214175
full_trace_balanced,10702,short,False,long,9,1318,text,8.78125,0.000732561102699983
full_trace_balanced,10702,short,False,long,10,2790, total,6.234375,0.0005200923131268563
full_trace_balanced,10702,short,False,long,11,374, is,5.5,0.0004588283063174271
full_trace_balanced,10702,short,False,long,12,553, by,5.4296875,0.00045296260353780085
full_trace_balanced,10702,short,False,long,13,3070, **,4.5703125,0.0003812706806757029
full_trace_balanced,10702,short,False,long,14,256,  ,4.4609375,0.0003721462541296177
full_trace_balanced,10702,short,False,long,15,15,0,4.140625,0.0003454247192446539
full_trace_balanced,10702,short,False,long,16,429, that,3.9765625,0.0003317380794255261
full_trace_balanced,10702,short,False,long,17,3948,olve,3.78125,0.0003154444605932311
full_trace_balanced,10702,short,False,long,18,257,    ,3.484375,0.00029067815996814273
full_trace_balanced,10702,short,False,long,19,13023, Final,3.296875,0.0002750362858891395
full_trace_balanced,10702,short,False,long,20,11,",",3.140625,0.0002620013908233035
full_trace_balanced,493,short,True,short,1,16141,Answer,4957.1875,0.6059954893199646
full_trace_balanced,493,short,True,short,2,25,:,3148.4375,0.3848833483514243
full_trace_balanced,493,short,True,short,3,21806, Answer,8.375,0.0010238088075253768
full_trace_balanced,493,short,True,short,4,13,.,5.6171875,0.0006866777356443525
full_trace_balanced,493,short,True,short,5,419, this,4.4296875,0.0005415108151743364
full_trace_balanced,493,short,True,short,6,624,.\n,4.0859375,0.0004994888118803844
full_trace_balanced,493,short,True,short,7,284, =,3.8359375,0.00046892735493932837
full_trace_balanced,493,short,True,short,8,92,},3.8125,0.00046606221835110434
full_trace_balanced,493,short,True,short,9,4389, Mark,3.46875,0.0004240402150571523
full_trace_balanced,493,short,True,short,10,4226, answer,3.3125,0.0004049393044689923
full_trace_balanced,493,short,True,short,11,488, +,3.18359375,0.0003891810532337603
full_trace_balanced,493,short,True,short,12,2661, given,3.1171875,0.00038106316623379226
full_trace_balanced,493,short,True,short,13,1483, used,3.0625,0.0003743778475279363
full_trace_balanced,493,short,True,short,14,2484, turn,2.9375,0.00035909711905740825
full_trace_balanced,493,short,True,short,15,20,5,2.8984375,0.00035432189141036826
full_trace_balanced,493,short,True,short,16,16,1,2.859375,0.00034954666376332827
full_trace_balanced,493,short,True,short,17,3261, Car,2.265625,0.0002769632035283202
full_trace_balanced,493,short,True,short,18,25987, Fern,2.1875,0.0002674127482342402
full_trace_balanced,493,short,True,short,19,4362, needed,1.9296875,0.00023589624576377617
full_trace_balanced,493,short,True,short,20,1052, there,1.875,0.00022921092705792016
full_trace_balanced,493,short,True,long,1,16141,Answer,4939.46875,0.6005826749663494
full_trace_balanced,493,short,True,long,2,25,:,3133.71875,0.38102421226315175
full_trace_balanced,493,short,True,long,3,21806, Answer,27.65625,0.0033626823946478254
full_trace_balanced,493,short,True,long,4,510,:\n,13.0859375,0.0015910997206313863
full_trace_balanced,493,short,True,long,5,4226, answer,11.96875,0.0014552625504521098
full_trace_balanced,493,short,True,long,6,54815,Therefore,9.5390625,0.0011598404530692077
full_trace_balanced,493,short,True,long,7,532,}\n,8.7109375,0.0010591499632859676
full_trace_balanced,493,short,True,long,8,2484, turn,5.890625,0.0007162323518543674
full_trace_balanced,493,short,True,long,9,374, is,4.8671875,0.0005917941050467783
full_trace_balanced,493,short,True,long,10,78045,\[,4.65625,0.0005661465274604813
full_trace_balanced,493,short,True,long,11,624,.\n,4.2890625,0.0005215007442547051
full_trace_balanced,493,short,True,long,12,29208,-step,3.8359375,0.0004664059479582153
full_trace_balanced,493,short,True,long,13,1124, \,3.765625,0.0004578567554294497
full_trace_balanced,493,short,True,long,14,20269, surf,3.4921875,0.000424609895595361
full_trace_balanced,493,short,True,long,15,20,5,3.0234375,0.0003676152787369233
full_trace_balanced,493,short,True,long,16,419, this,2.921875,0.0003552664450842618
full_trace_balanced,493,short,True,long,17,2849, days,2.8671875,0.0003486170731174441
full_trace_balanced,493,short,True,long,18,284, =,2.703125,0.00032866895721699084
full_trace_balanced,493,short,True,long,19,817, per,2.703125,0.00032866895721699084
full_trace_balanced,493,short,True,long,20,4855, har,2.59375,0.00031537021328335537
full_trace_balanced,22025,short,False,short,1,16141,Answer,5267.8125,0.5782639047307044
full_trace_balanced,22025,short,False,short,2,25,:,3787.0625,0.415717444140091
full_trace_balanced,22025,short,False,short,3,279, the,11.40625,0.001252098980997254
full_trace_balanced,22025,short,False,short,4,21806, Answer,9.0,0.00098795755212934
full_trace_balanced,22025,short,False,short,5,13,.,5.421875,0.0005951758169945851
full_trace_balanced,22025,short,False,short,6,4226, answer,4.875,0.0005351436740700592
full_trace_balanced,22025,short,False,short,7,501, new,4.65625,0.0005111308169002489
full_trace_balanced,22025,short,False,short,8,4120, Time,3.921875,0.0004305162249730284
full_trace_balanced,22025,short,False,short,9,23681, earnings,3.0,0.0003293191840431134
full_trace_balanced,22025,short,False,short,10,19,4,2.578125,0.0002830086737870505
full_trace_balanced,22025,short,False,short,11,1532, New,2.140625,0.00023498295944742985
full_trace_balanced,22025,short,False,short,12,17,2,1.9375,0.0002126853063611774
full_trace_balanced,22025,short,False,short,13,3220, money,1.859375,0.00020410928594338798
full_trace_balanced,22025,short,False,short,14,16,1,1.4296875,0.00015694117364554623
full_trace_balanced,22025,short,False,short,15,608, /,1.34375,0.00014750755118597786
full_trace_balanced,22025,short,False,short,16,315, of,1.2578125,0.0001380739287264095
full_trace_balanced,22025,short,False,long,1,16141,Answer,5253.5625,0.5757846381738084
full_trace_balanced,22025,short,False,long,2,25,:,3734.125,0.4092559690725622
full_trace_balanced,22025,short,False,long,3,21806, Answer,30.5,0.003342766258953074
full_trace_balanced,22025,short,False,long,4,4226, answer,29.546875,0.00323830481336079
full_trace_balanced,22025,short,False,long,5,501, new,15.203125,0.0016662456813326542
full_trace_balanced,22025,short,False,long,6,510,:\n,9.296875,0.0010189272152034215
full_trace_balanced,22025,short,False,long,7,458, an,7.09375,0.00077746715244093
full_trace_balanced,22025,short,False,long,8,279, the,6.9375,0.0007603423252946541
full_trace_balanced,22025,short,False,long,9,257,    ,5.9765625,0.0006550246383450568
full_trace_balanced,22025,short,False,long,10,1124, \,5.203125,0.0005702567439709905
full_trace_balanced,22025,short,False,long,11,13,.,3.421875,0.00037503371450344424
full_trace_balanced,22025,short,False,long,12,37018,frac,3.3515625,0.00036732754228762006
full_trace_balanced,22025,short,False,long,13,374, is,2.984375,0.00032708419849387146
full_trace_balanced,22025,short,False,long,14,18,3,2.5,0.0002739972343404159
full_trace_balanced,22025,short,False,long,15,481, -,2.484375,0.00027228475162578827
full_trace_balanced,22025,short,False,long,16,6366, computer,2.46875,0.00027057226891116066
full_trace_balanced,22025,short,False,long,17,17,2,2.4375,0.0002671473034819055
full_trace_balanced,22025,short,False,long,18,48820, averages,2.203125,0.0002414600627624915
full_trace_balanced,22025,short,False,long,19,3220, money,1.8203125,0.00019950423625411532
full_trace_balanced,22025,short,False,long,20,4120, Time,1.6484375,0.00018066692639321172
full_trace_balanced,12175,short,True,short,1,16141,Answer,5596.0,0.9779309921121165
full_trace_balanced,12175,short,True,short,2,21806, Answer,10.25,0.0017912424355162964
full_trace_balanced,12175,short,True,short,3,4,%,9.65625,0.0016874814407760231
full_trace_balanced,12175,short,True,short,4,18,3,7.453125,0.001302473539239746
full_trace_balanced,12175,short,True,short,5,419, this,7.046875,0.0012314791744174537
full_trace_balanced,12175,short,True,short,6,6798, David,6.65625,0.0011632153620883265
full_trace_balanced,12175,short,True,short,7,23949,Finally,6.578125,0.0011495625996225012
full_trace_balanced,12175,short,True,short,8,4171, screen,6.171875,0.0010785682348002088
full_trace_balanced,12175,short,True,short,9,1493, these,5.6953125,0.0009952863837586737
full_trace_balanced,12175,short,True,short,10,8039, budget,5.34375,0.0009338489526624594
full_trace_balanced,12175,short,True,short,11,315, of,5.0390625,0.0008806031790457401
full_trace_balanced,12175,short,True,short,12,16,1,4.65625,0.0008137046429631955
full_trace_balanced,12175,short,True,short,13,25,:,4.6328125,0.000809608814223448
full_trace_balanced,12175,short,True,short,14,220, ,4.4296875,0.0007741116318123019
full_trace_balanced,12175,short,True,short,15,4226, answer,4.3125,0.0007536324881135636
full_trace_balanced,12175,short,True,short,16,624,.\n,3.96875,0.0006935603332639318
full_trace_balanced,12175,short,True,short,17,594,'s,3.90625,0.0006826381232912715
full_trace_balanced,12175,short,True,short,18,39,H,3.6484375,0.0006375840071540475
full_trace_balanced,12175,short,True,short,19,702, has,3.59375,0.0006280270734279697
full_trace_balanced,12175,short,True,short,20,481, -,3.25,0.0005679549185783378
full_trace_balanced,12175,short,True,long,1,16141,Answer,5541.40625,0.9678374502470422
full_trace_balanced,12175,short,True,long,2,21806, Answer,31.75,0.005545314250393316
full_trace_balanced,12175,short,True,long,3,73877, Conclusion,17.03125,0.0029746026244727927
full_trace_balanced,12175,short,True,long,4,18,3,12.2265625,0.0021354372051834497
full_trace_balanced,12175,short,True,long,5,4,%,9.671875,0.001689246811512531
full_trace_balanced,12175,short,True,long,6,220, ,9.4921875,0.0016578633893277262
full_trace_balanced,12175,short,True,long,7,4171, screen,8.328125,0.001454553393434861
full_trace_balanced,12175,short,True,long,8,4226, answer,6.453125,0.0011270742054195076
full_trace_balanced,12175,short,True,long,9,25,:,6.4453125,0.001125709708802777
full_trace_balanced,12175,short,True,long,10,23949,Finally,6.390625,0.0011161582324856626
full_trace_balanced,12175,short,True,long,11,16,1,5.8671875,0.0010247369591647097
full_trace_balanced,12175,short,True,long,12,1318,text,5.8125,0.0010151854828475953
full_trace_balanced,12175,short,True,long,13,494,ult,5.203125,0.0009087547467426055
full_trace_balanced,12175,short,True,long,14,15,0,4.953125,0.000865090855007225
full_trace_balanced,12175,short,True,long,15,1124, \,4.875,0.0008514458888399186
full_trace_balanced,12175,short,True,long,16,19315,Christ,3.6796875,0.0006426779064801309
full_trace_balanced,12175,short,True,long,17,35,D,3.359375,0.0005867335451941747
full_trace_balanced,12175,short,True,long,18,54815,Therefore,3.1875,0.0005567146196261007
full_trace_balanced,12175,short,True,long,19,17,2,3.15625,0.000551256633159178
full_trace_balanced,12175,short,True,long,20,198,\n,3.109375,0.0005430696534587942
full_trace_balanced,26001,short,False,short,1,16141,Answer,2576.65625,0.5860032408460314
full_trace_balanced,26001,short,False,short,2,25,:,1750.25,0.398055492381169
full_trace_balanced,26001,short,False,short,3,220, ,10.72265625,0.0024386300318398908
full_trace_balanced,26001,short,False,short,4,279, the,6.9140625,0.0015724499658858312
full_trace_balanced,26001,short,False,short,5,19828, flour,6.234375,0.0014178701387309528
full_trace_balanced,26001,short,False,short,6,1124, \,5.9296875,0.001348575733454628
full_trace_balanced,26001,short,False,short,7,21806, Answer,3.65625,0.0008315328633158972
full_trace_balanced,26001,short,False,short,8,15,0,3.5,0.0007959972708664999
full_trace_balanced,26001,short,False,short,9,257,    ,3.1875,0.0007249260859677053
full_trace_balanced,26001,short,False,short,10,1795, follow,3.17578125,0.0007222609165340005
full_trace_balanced,26001,short,False,short,11,13,.,3.1484375,0.0007160421878553559
full_trace_balanced,26001,short,False,short,12,16687,nom,2.734375,0.000621872867864453
full_trace_balanced,26001,short,False,short,13,488, +,2.3515625,0.0005348106663634296
full_trace_balanced,26001,short,False,short,14,32882, \$,2.3125,0.0005259267682510803
full_trace_balanced,26001,short,False,short,15,1019,**\n,2.25,0.0005117125312713213
full_trace_balanced,26001,short,False,short,16,757,ec,2.09375,0.00047617693882192404
full_trace_balanced,26001,short,False,short,17,1590, final,2.078125,0.0004726233795769843
full_trace_balanced,26001,short,False,short,18,1221, then,2.015625,0.0004584091425972254
full_trace_balanced,26001,short,False,short,19,2661, given,1.90625,0.0004335342278826473
full_trace_balanced,26001,short,False,short,20,3278,'ll,1.359375,0.00030915965430975664
full_trace_balanced,26001,short,False,long,1,16141,Answer,2539.859375,0.5956736512682952
full_trace_balanced,26001,short,False,long,2,25,:,1651.515625,0.38733024046671505
full_trace_balanced,26001,short,False,long,3,279, the,8.0546875,0.001889067229539075
full_trace_balanced,26001,short,False,long,4,1795, follow,7.375,0.0017296600045440221
full_trace_balanced,26001,short,False,long,5,21806, Answer,6.78125,0.0015904077160425966
full_trace_balanced,26001,short,False,long,6,1124, \,6.7734375,0.0015885754490886305
full_trace_balanced,26001,short,False,long,7,284, =,6.421875,0.0015061234361601547
full_trace_balanced,26001,short,False,long,8,257,    ,4.3125,0.001011411358589301
full_trace_balanced,26001,short,False,long,9,10607,uting,3.3203125,0.0007787134554356032
full_trace_balanced,26001,short,False,long,10,19,4,2.4296875,0.0005698350226834649
full_trace_balanced,26001,short,False,long,11,374, is,2.40625,0.0005643382218215665
full_trace_balanced,26001,short,False,long,12,19357,Final,2.21875,0.0005203638149263796
full_trace_balanced,26001,short,False,long,13,2291, pay,2.109375,0.0004947120775708537
full_trace_balanced,26001,short,False,long,14,3270, write,2.046875,0.00048005394193912477
full_trace_balanced,26001,short,False,long,15,8304,Step,1.8203125,0.0004269182002741071
full_trace_balanced,26001,short,False,long,16,9139,)},1.796875,0.00042142139941220877
full_trace_balanced,26001,short,False,long,17,2003, week,1.734375,0.00040676326378047975
full_trace_balanced,26001,short,False,long,18,382,.\n\n,1.7109375,0.0004012664629185814
full_trace_balanced,26001,short,False,long,19,582, we,1.671875,0.00039210512814875074
full_trace_balanced,26001,short,False,long,20,90,{,1.65625,0.0003884405942408185
full_trace_balanced,12890,short,False,short,1,16141,Answer,4628.53125,0.976980958458867
full_trace_balanced,12890,short,False,short,2,25,:,12.4609375,0.0026302293329111773
full_trace_balanced,12890,short,False,short,3,15,0,7.9921875,0.0016869746755913068
full_trace_balanced,12890,short,False,short,4,21806, Answer,7.59375,0.0016028732988022975
full_trace_balanced,12890,short,False,short,5,256,  ,6.2421875,0.0013175882363611478
full_trace_balanced,12890,short,False,short,6,284, =,5.8671875,0.0012384339993832566
full_trace_balanced,12890,short,False,short,7,3491, problem,5.59375,0.0011807173682535442
full_trace_balanced,12890,short,False,short,8,78045,\[,5.1875,0.0010949669448608286
full_trace_balanced,12890,short,False,short,9,481, -,4.4375,0.0009366584709050462
full_trace_balanced,12890,short,False,short,10,40678, baked,4.3046875,0.0009086246786420431
full_trace_balanced,12890,short,False,short,11,16,1,4.21875,0.0008904851660012764
full_trace_balanced,12890,short,False,short,12,3070, **,4.0234375,0.0008492590009086247
full_trace_balanced,12890,short,False,short,13,17,2,3.953125,0.0008344175814752701
full_trace_balanced,12890,short,False,short,14,2783, cost,3.828125,0.0008080328358159729
full_trace_balanced,12890,short,False,short,15,315, of,3.4453125,0.0007272295522343757
full_trace_balanced,12890,short,False,short,16,220, ,3.3359375,0.0007041428997824908
full_trace_balanced,12890,short,False,short,17,4226, answer,3.09375,0.0006530224550676027
full_trace_balanced,12890,short,False,short,18,488, +,3.015625,0.000636531989030542
full_trace_balanced,12890,short,False,short,19,279, the,2.328125,0.000491415887904408
full_trace_balanced,12890,short,False,short,20,31135, Distance,2.296875,0.0004848197014895838
full_trace_balanced,12890,short,False,long,1,16141,Answer,4564.53125,0.9697704044582948
full_trace_balanced,12890,short,False,long,2,25,:,27.3359375,0.005807733962960965
full_trace_balanced,12890,short,False,long,3,21806, Answer,25.4375,0.00540439605127205
full_trace_balanced,12890,short,False,long,4,15,0,10.8984375,0.002315458381917847
full_trace_balanced,12890,short,False,long,5,9640,[\n,7.1484375,0.0015187415193224586
full_trace_balanced,12890,short,False,long,6,315, of,6.59375,0.001400893816730224
full_trace_balanced,12890,short,False,long,7,1899, day,5.8203125,0.0012365709638199253
full_trace_balanced,12890,short,False,long,8,488, +,5.625,0.0011950752938930823
full_trace_balanced,12890,short,False,long,9,3491, problem,5.59375,0.0011884359867047874
full_trace_balanced,12890,short,False,long,10,284, =,5.5703125,0.0011834565063135662
full_trace_balanced,12890,short,False,long,11,220, ,4.546875,0.0009660191958969081
full_trace_balanced,12890,short,False,long,12,3070, **,3.796875,0.0008066758233778305
full_trace_balanced,12890,short,False,long,13,17,2,3.4296875,0.0007286639639153654
full_trace_balanced,12890,short,False,long,14,481, -,3.0703125,0.0006523119312499741
full_trace_balanced,12890,short,False,long,15,13023, Final,2.84375,0.000604176954134836
full_trace_balanced,12890,short,False,long,16,256,  ,2.78125,0.0005908983397582462
full_trace_balanced,12890,short,False,long,17,2783, cost,2.390625,0.00050790699990456
full_trace_balanced,12890,short,False,long,18,40678, baked,2.203125,0.00046807115677479055
full_trace_balanced,12890,short,False,long,19,4540, phone,2.171875,0.00046143184958649566
full_trace_balanced,12890,short,False,long,20,1124, \,2.06640625,0.00043902418782600035
full_trace_balanced,22686,short,True,short,1,16141,Answer,5297.6875,0.5902572012520586
full_trace_balanced,22686,short,True,short,2,25,:,3496.859375,0.38961271835296496
full_trace_balanced,22686,short,True,short,3,382,.\n\n,29.5703125,0.0032946620381815207
full_trace_balanced,22686,short,True,short,4,220, ,15.2734375,0.0017017342892060431
full_trace_balanced,22686,short,True,short,5,54815,Therefore,12.984375,0.0014466917589055976
full_trace_balanced,22686,short,True,short,6,11,",",10.9140625,0.0012160218936167991
full_trace_balanced,22686,short,True,short,7,21806, Answer,10.3125,0.0011489970648347707
full_trace_balanced,22686,short,True,short,8,13,.,9.9609375,0.0011098267103517672
full_trace_balanced,22686,short,True,short,9,15,0,9.953125,0.0011089562580299226
full_trace_balanced,22686,short,True,short,10,16,1,9.0390625,0.0010071133363741135
full_trace_balanced,22686,short,True,short,11,279, the,8.1015625,0.0009026590577527707
full_trace_balanced,22686,short,True,short,12,7171, paid,5.953125,0.0006632846692455267
full_trace_balanced,22686,short,True,short,13,3261, Car,5.15625,0.0005744985324173854
full_trace_balanced,22686,short,True,short,14,4226, answer,5.09375,0.0005675349138426291
full_trace_balanced,22686,short,True,short,15,31135, Distance,4.59375,0.0005118259652445797
full_trace_balanced,22686,short,True,short,16,2083, team,3.7421875,0.00041694666216352666
full_trace_balanced,22686,short,True,short,17,29994, counted,3.6796875,0.00040998304358877045
full_trace_balanced,22686,short,True,short,18,3501, points,2.9296875,0.0003264196206916962
full_trace_balanced,22686,short,True,short,19,323, and,2.421875,0.00026984021977180224
full_trace_balanced,22686,short,True,short,20,1283, after,2.34375,0.000261135696553357
full_trace_balanced,22686,short,True,long,1,16141,Answer,5421.625,0.5834811721954197
full_trace_balanced,22686,short,True,long,2,25,:,3510.640625,0.37781895779067365
full_trace_balanced,22686,short,True,long,3,382,.\n\n,60.2421875,0.0064833296618848155
full_trace_balanced,22686,short,True,long,4,54815,Therefore,35.125,0.0037801906574807583
full_trace_balanced,22686,short,True,long,5,21806, Answer,34.34375,0.003696111683782343
full_trace_balanced,22686,short,True,long,6,4226, answer,32.203125,0.0034657352958486847
full_trace_balanced,22686,short,True,long,7,15,0,17.6171875,0.0018959808568992684
full_trace_balanced,22686,short,True,long,8,510,:\n,17.53125,0.0018867321697924426
full_trace_balanced,22686,short,True,long,9,3261, Car,12.09375,0.001301542512851471
full_trace_balanced,22686,short,True,long,10,13,.,11.671875,0.0012561398670543269
full_trace_balanced,22686,short,True,long,11,16,1,11.0546875,0.0011897174778325785
full_trace_balanced,22686,short,True,long,12,374, is,10.2890625,0.0011073200836081314
full_trace_balanced,22686,short,True,long,13,279, the,10.1953125,0.0010972306067643215
full_trace_balanced,22686,short,True,long,14,198,\n,9.9609375,0.001072006914654797
full_trace_balanced,22686,short,True,long,15,11,",",8.2734375,0.0008903963314662196
full_trace_balanced,22686,short,True,long,16,1590, final,6.34375,0.0006827212664311334
full_trace_balanced,22686,short,True,long,17,20,5,5.734375,0.0006171396669463694
full_trace_balanced,22686,short,True,long,18,2790, total,4.9609375,0.0005339014829849381
full_trace_balanced,22686,short,True,long,19,7171, paid,4.921875,0.0005296975343000173
full_trace_balanced,22686,short,True,long,20,1995, information,4.4375,0.00047756857060699974
full_trace_balanced,14905,short,False,short,1,16141,Answer,5394.3125,0.5837867270007872
full_trace_balanced,14905,short,False,short,2,25,:,3749.34375,0.405763870041522
full_trace_balanced,14905,short,False,short,3,11,",",9.875,0.001068698546688345
full_trace_balanced,14905,short,False,short,4,21806, Answer,9.125,0.0009875315684588506
full_trace_balanced,14905,short,False,short,5,17,2,8.75,0.0009469480793441032
full_trace_balanced,14905,short,False,short,6,284, =,8.51171875,0.0009211606539691075
full_trace_balanced,14905,short,False,short,7,7571, girls,8.25,0.0008928367605244401
full_trace_balanced,14905,short,False,short,8,4226, answer,5.59375,0.0006053703792949802
full_trace_balanced,14905,short,False,short,9,92,},5.4921875,0.0005943790176597362
full_trace_balanced,14905,short,False,short,10,553, by,3.53125,0.0003821611891638702
full_trace_balanced,14905,short,False,short,11,1124, \,3.3515625,0.0003627149339630538
full_trace_balanced,14905,short,False,short,12,14289, listening,3.296875,0.00035679650846715314
full_trace_balanced,14905,short,False,short,13,15,0,3.28125,0.0003551055297540387
full_trace_balanced,14905,short,False,short,14,315, of,3.1796875,0.0003441141681187946
full_trace_balanced,14905,short,False,short,15,19558, hitting,2.65625,0.0002874663812294599
full_trace_balanced,14905,short,False,short,16,32191, loses,2.453125,0.00026548365795897176
full_trace_balanced,14905,short,False,short,17,323, and,2.265625,0.00024519191340159814
full_trace_balanced,14905,short,False,short,18,16516, Weight,2.015625,0.00021813625399176662
full_trace_balanced,14905,short,False,short,19,220, ,1.93359375,0.00020925861574791566
full_trace_balanced,14905,short,False,short,20,7595,Total,1.8984375,0.0002054539136434081
full_trace_balanced,14905,short,False,long,1,16141,Answer,5478.375,0.5850718374021726
full_trace_balanced,14905,short,False,long,2,25,:,3688.0,0.3938658701420061
full_trace_balanced,14905,short,False,long,3,4226, answer,35.046875,0.0037428871794016054
full_trace_balanced,14905,short,False,long,4,21806, Answer,31.0625,0.003317369466183857
full_trace_balanced,14905,short,False,long,5,315, of,17.5078125,0.0018697748927862233
full_trace_balanced,14905,short,False,long,6,1124, \,11.796875,0.0012598661705074507
full_trace_balanced,14905,short,False,long,7,510,:\n,9.1875,0.0009811937857726902
full_trace_balanced,14905,short,False,long,8,15,0,8.25,0.0008810719708979258
full_trace_balanced,14905,short,False,long,9,374, is,6.33203125,0.0006762394246333038
full_trace_balanced,14905,short,False,long,10,23606, equation,5.5625,0.0005940561015902681
full_trace_balanced,14905,short,False,long,11,11,",",5.0625,0.0005406578003237272
full_trace_balanced,14905,short,False,long,12,4420, minutes,5.0625,0.0005406578003237272
full_trace_balanced,14905,short,False,long,13,7571, girls,4.96875,0.0005306456188362507
full_trace_balanced,14905,short,False,long,14,44739,/day,4.5625,0.00048725949905718623
full_trace_balanced,14905,short,False,long,15,288,es,4.484375,0.0004789160144842892
full_trace_balanced,14905,short,False,long,16,17,2,3.91796875,0.0004184257513307858
full_trace_balanced,14905,short,False,long,17,16,1,3.734375,0.00039881856258447776
full_trace_balanced,14905,short,False,long,18,2790, total,3.2734375,0.0003495920036043853
full_trace_balanced,14905,short,False,long,19,20,5,3.21875,0.00034375156440335743
full_trace_balanced,14905,short,False,long,20,7595,Total,3.21875,0.00034375156440335743
full_trace_balanced,10498,long,True,short,1,481, -,2792.5703125,0.08383568628596082
full_trace_balanced,10498,long,True,short,2,220, ,1936.9453125,0.05814898870941583
full_trace_balanced,10498,long,True,short,3,284, =,1641.078125,0.04926676697894345
full_trace_balanced,10498,long,True,short,4,1318,text,1495.65625,0.044901060361980265
full_trace_balanced,10498,long,True,short,5,90,{,1246.3515625,0.03741669032577567
full_trace_balanced,10498,long,True,short,6,315, of,850.4453125,0.02553119830250144
full_trace_balanced,10498,long,True,short,7,256,  ,822.9609375,0.02470609054068364
full_trace_balanced,10498,long,True,short,8,11,",",749.66796875,0.0225057640860237
full_trace_balanced,10498,long,True,short,9,12,-,679.4765625,0.020398549564689984
full_trace_balanced,10498,long,True,short,10,10657, Total,678.9609375,0.020383069998948095
full_trace_balanced,10498,long,True,short,11,279, the,655.5390625,0.01967992245206641
full_trace_balanced,10498,long,True,short,12,17767, \(,557.9375,0.01674982828822623
full_trace_balanced,10498,long,True,short,13,9640,[\n,534.5703125,0.016048322513468688
full_trace_balanced,10498,long,True,short,14,15136,times,530.5078125,0.015926362298532573
full_trace_balanced,10498,long,True,short,15,624,.\n,448.15625,0.013454088018452581
full_trace_balanced,10498,long,True,short,16,78045,\[,446.5703125,0.01340647662685252
full_trace_balanced,10498,long,True,short,17,198,\n,421.046875,0.012640238122628886
full_trace_balanced,10498,long,True,short,18,15,0,414.53125,0.012444632700981346
full_trace_balanced,10498,long,True,short,19,37018,frac,392.828125,0.011793083706572635
full_trace_balanced,10498,long,True,short,20,15277, Therefore,364.90625,0.010954841767761717
full_trace_balanced,10498,long,True,long,1,1318,text,7051.43359375,0.10019506535277667
full_trace_balanced,10498,long,True,long,2,90,{,6199.6171875,0.08809145558916297
full_trace_balanced,10498,long,True,long,3,220, ,3328.1171875,0.04728980492687658
full_trace_balanced,10498,long,True,long,4,9640,[\n,2652.3203125,0.037687287771238476
full_trace_balanced,10498,long,True,long,5,481, -,2550.1484375,0.036235509553839626
full_trace_balanced,10498,long,True,long,6,11,",",2471.18359375,0.03511348414228137
full_trace_balanced,10498,long,True,long,7,284, =,2130.16015625,0.030267821887527042
full_trace_balanced,10498,long,True,long,8,78045,\[,2007.1640625,0.028520148667950745
full_trace_balanced,10498,long,True,long,9,256,  ,1926.1875,0.027369538389365407
full_trace_balanced,10498,long,True,long,10,315, of,1687.046875,0.023971547011893413
full_trace_balanced,10498,long,True,long,11,257,    ,1593.28125,0.022639214685450458
full_trace_balanced,10498,long,True,long,12,279, the,1573.796875,0.022362357759759012
full_trace_balanced,10498,long,True,long,13,1124, \,1460.4140625,0.020751281351354862
full_trace_balanced,10498,long,True,long,14,15136,times,1331.6796875,0.018922071880006167
full_trace_balanced,10498,long,True,long,15,92,},1041.14453125,0.014793806530737391
full_trace_balanced,10498,long,True,long,16,17767, \(,934.09375,0.013272703072723343
full_trace_balanced,10498,long,True,long,17,15,0,769.46875,0.010933517371773005
full_trace_balanced,10498,long,True,long,18,37018,frac,719.6640625,0.010225833770617044
full_trace_balanced,10498,long,True,long,19,15277, Therefore,702.09375,0.009976174097048453
full_trace_balanced,10498,long,True,long,20,17,2,648.578125,0.009215761129531853
full_trace_balanced,5834,long,False,short,1,2533,]\n\n,2823.515625,0.21025876121804754
full_trace_balanced,5834,long,False,short,2,1124, \,1912.98828125,0.14245451403877638
full_trace_balanced,5834,long,False,short,3,382,.\n\n,1902.703125,0.1416886092239025
full_trace_balanced,5834,long,False,short,4,256,  ,1343.546875,0.10004991616643842
full_trace_balanced,5834,long,False,short,5,271,\n\n,1025.0859375,0.07633508292017718
full_trace_balanced,5834,long,False,short,6,921,]\n,744.78125,0.05546163145579511
full_trace_balanced,5834,long,False,short,7,3593,).\n\n,501.9140625,0.037376038611143754
full_trace_balanced,5834,long,False,short,8,257,    ,455.28125,0.03390343258001422
full_trace_balanced,5834,long,False,short,9,692,)\n\n,314.1015625,0.023390203632361033
full_trace_balanced,5834,long,False,short,10,220, ,232.52734375,0.017315615615266202
full_trace_balanced,5834,long,False,short,11,59,\,220.7265625,0.016436846741079376
full_trace_balanced,5834,long,False,short,12,340,)\n,182.0546875,0.013557067908093749
full_trace_balanced,5834,long,False,short,13,198,\n,162.05859375,0.012068018630714616
full_trace_balanced,5834,long,False,short,14,8304,Step,132.078125,0.009835462818273738
full_trace_balanced,5834,long,False,short,15,8,),95.59375,0.007118580565739824
full_trace_balanced,5834,long,False,short,16,4292,).\n,87.6953125,0.0065304075556088205
full_trace_balanced,5834,long,False,short,17,624,.\n,79.71875,0.005936416810461684
full_trace_balanced,5834,long,False,short,18,18,3,76.61328125,0.0057051618435704134
full_trace_balanced,5834,long,False,short,19,334,**,75.8203125,0.005646111833156668
full_trace_balanced,5834,long,False,short,20,284, =,66.1484375,0.004925876238159455
full_trace_balanced,5834,long,False,long,1,2533,]\n\n,7462.3828125,0.24476540512616302
full_trace_balanced,5834,long,False,long,2,1124, \,6546.6875,0.21473069104519185
full_trace_balanced,5834,long,False,long,3,256,  ,3179.20703125,0.10427767062289828
full_trace_balanced,5834,long,False,long,4,921,]\n,2484.96875,0.08150672487623803
full_trace_balanced,5834,long,False,long,5,257,    ,2479.7421875,0.08133529415231606
full_trace_balanced,5834,long,False,long,6,382,.\n\n,1128.265625,0.037006998934772016
full_trace_balanced,5834,long,False,long,7,220, ,737.640625,0.024194538253010735
full_trace_balanced,5834,long,False,long,8,3593,).\n\n,732.8359375,0.02403694498662507
full_trace_balanced,5834,long,False,long,9,14374,###,454.390625,0.014903966763451995
full_trace_balanced,5834,long,False,long,10,334,**,443.140625,0.01453496789581727
full_trace_balanced,5834,long,False,long,11,271,\n\n,443.1328125,0.014534711646603634
full_trace_balanced,5834,long,False,long,12,59,\,441.734375,0.014488843037362928
full_trace_balanced,5834,long,False,long,13,692,)\n\n,318.59375,0.010449842932044501
full_trace_balanced,5834,long,False,long,14,198,\n,239.4375,0.007853525899492396
full_trace_balanced,5834,long,False,long,15,340,)\n,202.75,0.006650179592261376
full_trace_balanced,5834,long,False,long,16,8304,Step,199.7734375,0.006552548641866355
full_trace_balanced,5834,long,False,long,17,92,},194.296875,0.006372917943108062
full_trace_balanced,5834,long,False,long,18,481, -,182.2890625,0.00597906290175072
full_trace_balanced,5834,long,False,long,19,1019,**\n,135.45703125,0.00444297699061436
full_trace_balanced,5834,long,False,long,20,4292,).\n,130.2421875,0.004271930640512847
full_trace_balanced,26606,long,True,short,1,90,{,4020.0390625,0.5123274100366648
full_trace_balanced,26606,long,True,short,2,481, -,465.703125,0.059350785444570835
full_trace_balanced,26606,long,True,short,3,256,  ,385.03125,0.04906968813706138
full_trace_balanced,26606,long,True,short,4,78045,\[,368.046875,0.04690514179321812
full_trace_balanced,26606,long,True,short,5,11,",",299.57421875,0.03817875429063565
full_trace_balanced,26606,long,True,short,6,1318,text,292.91015625,0.03732946356786734
full_trace_balanced,26606,long,True,short,7,279, the,196.1171875,0.02499383940639258
full_trace_balanced,26606,long,True,short,8,257,    ,194.7109375,0.024814622137813103
full_trace_balanced,26606,long,True,short,9,315, of,144.1484375,0.018370765680888718
full_trace_balanced,26606,long,True,short,10,17767, \(,142.0390625,0.0181019397780195
full_trace_balanced,26606,long,True,short,11,220, ,108.171875,0.013785790559730378
full_trace_balanced,26606,long,True,short,12,12,-,86.859375,0.01106965328925916
full_trace_balanced,26606,long,True,short,13,25,:,81.703125,0.010412523304467737
full_trace_balanced,26606,long,True,short,14,1124, \,70.53515625,0.008989239496499041
full_trace_balanced,26606,long,True,short,15,8,),65.46875,0.008343559503866862
full_trace_balanced,26606,long,True,short,16,320, (,57.9296875,0.007382755813982431
full_trace_balanced,26606,long,True,short,17,10657, Total,56.25,0.007168690743179165
full_trace_balanced,26606,long,True,short,18,57758,\),45.828125,0.005840491652706803
full_trace_balanced,26606,long,True,short,19,3070, **,43.71875,0.005571665749837584
full_trace_balanced,26606,long,True,short,20,15,0,36.484375,0.004649692468145375
full_trace_balanced,26606,long,True,long,1,90,{,16879.4921875,0.6276484581822851
full_trace_balanced,26606,long,True,long,2,11,",",1372.4375,0.05103283151281413
full_trace_balanced,26606,long,True,long,3,1318,text,1290.76953125,0.047996082889133616
full_trace_balanced,26606,long,True,long,4,257,    ,1263.109375,0.046967565311084085
full_trace_balanced,26606,long,True,long,5,256,  ,1118.5234375,0.04159126964183883
full_trace_balanced,26606,long,True,long,6,78045,\[,1019.125,0.0378952297758526
full_trace_balanced,26606,long,True,long,7,220, ,448.84375,0.01668984377746139
full_trace_balanced,26606,long,True,long,8,17767, \(,448.671875,0.016683452762995328
full_trace_balanced,26606,long,True,long,9,1124, \,372.59375,0.013854557359790584
full_trace_balanced,26606,long,True,long,10,279, the,307.85546875,0.011447323661017106
full_trace_balanced,26606,long,True,long,11,481, -,301.984375,0.011229012416869605
full_trace_balanced,26606,long,True,long,12,320, (,210.71875,0.007835383735391084
full_trace_balanced,26606,long,True,long,13,315, of,192.6328125,0.007162874713166913
full_trace_balanced,26606,long,True,long,14,25,:,185.46875,0.006896485610195179
full_trace_balanced,26606,long,True,long,15,3070, **,97.4375,0.003623124200941629
full_trace_balanced,26606,long,True,long,16,335, },77.59375,0.002885252530769103
full_trace_balanced,26606,long,True,long,17,284, =,70.9453125,0.0026380364711955525
full_trace_balanced,26606,long,True,long,18,12,-,67.6796875,0.002516607196340389
full_trace_balanced,26606,long,True,long,19,7595,Total,58.875,0.0021892129552835244
full_trace_balanced,26606,long,True,long,20,15,0,54.8359375,0.002039024115331085
full_trace_balanced,15767,long,True,short,1,30191, cents,269.2265625,0.03250462771915345
full_trace_balanced,15767,long,True,short,2,17,2,226.16015625,0.027305075753109708
full_trace_balanced,15767,long,True,short,3,4115, hours,193.5625,0.023369451158403585
full_trace_balanced,15767,long,True,short,4,4420, minutes,184.9375,0.022328125921122443
full_trace_balanced,15767,long,True,short,5,8756, miles,183.9296875,0.022206449330896657
full_trace_balanced,15767,long,True,short,6,15,0,175.6640625,0.021208512645168896
full_trace_balanced,15767,long,True,short,7,6460, hour,155.953125,0.018828744915404115
full_trace_balanced,15767,long,True,short,8,315, of,140.6171875,0.016977185639332665
full_trace_balanced,15767,long,True,short,9,16302, pounds,136.5703125,0.01648859281966633
full_trace_balanced,15767,long,True,short,10,7541, feet,130.953125,0.015810410894299357
full_trace_balanced,15767,long,True,short,11,11192, dollars,120.1875,0.014510640806461122
full_trace_balanced,15767,long,True,short,12,1462,Time,116.125,0.014020161528031597
full_trace_balanced,15767,long,True,short,13,11056,Speed,106.0,0.012797736249484172
full_trace_balanced,15767,long,True,short,14,14778,Distance,106.0,0.012797736249484172
full_trace_balanced,15767,long,True,short,15,16,1,100.19921875,0.012097388433649709
full_trace_balanced,15767,long,True,short,16,19,4,96.984375,0.011709249543123268
full_trace_balanced,15767,long,True,short,17,19828, flour,96.5,0.011650769321464364
full_trace_balanced,15767,long,True,short,18,7595,Total,85.171875,0.01028308671815127
full_trace_balanced,15767,long,True,short,19,23316, instruments,69.96875,0.00844756234156694
full_trace_balanced,15767,long,True,short,20,856, x,69.28125,0.00836455815598656
full_trace_balanced,15767,long,True,long,1,315, of,1031.1484375,0.03383672990143825
full_trace_balanced,15767,long,True,long,2,4420, minutes,686.875,0.022539532627716755
full_trace_balanced,15767,long,True,long,3,7595,Total,611.5546875,0.020067926234816194
full_trace_balanced,15767,long,True,long,4,30191, cents,568.5625,0.018657154532696934
full_trace_balanced,15767,long,True,long,5,2833,Number,500.1875,0.01641345583436007
full_trace_balanced,15767,long,True,long,6,11192, dollars,481.734375,0.015807923804484425
full_trace_balanced,15767,long,True,long,7,1561,ars,480.03125,0.015752036428314697
full_trace_balanced,15767,long,True,long,8,4115, hours,445.234375,0.014610190678498383
full_trace_balanced,15767,long,True,long,9,17,2,433.8203125,0.014235642712516875
full_trace_balanced,15767,long,True,long,10,16302, pounds,387.5,0.012715659899166868
full_trace_balanced,15767,long,True,long,11,15,0,376.7421875,0.012362646518498464
full_trace_balanced,15767,long,True,long,12,13,.,314.953125,0.010335062765625264
full_trace_balanced,15767,long,True,long,13,20332, balls,296.9140625,0.009743118033625743
full_trace_balanced,15767,long,True,long,14,7541, feet,292.15625,0.00958699229010573
full_trace_balanced,15767,long,True,long,15,92,},291.640625,0.00957007225878829
full_trace_balanced,15767,long,True,long,16,14778,Distance,269.765625,0.00885225274835145
full_trace_balanced,15767,long,True,long,17,16,1,266.31640625,0.008739067993402213
full_trace_balanced,15767,long,True,long,18,3501, points,261.5703125,0.008583326796048505
full_trace_balanced,15767,long,True,long,19,34254, slices,259.9921875,0.008531541245652705
full_trace_balanced,15767,long,True,long,20,817, per,246.1015625,0.008075725856525313
full_trace_balanced,13341,long,True,short,1,382,.\n\n,3192.5703125,0.25836135969281065
full_trace_balanced,13341,long,True,short,2,1124, \,1846.39453125,0.14942098526549516
full_trace_balanced,13341,long,True,short,3,2533,]\n\n,1212.734375,0.09814151965406742
full_trace_balanced,13341,long,True,short,4,256,  ,1091.6875,0.08834570244399127
full_trace_balanced,13341,long,True,short,5,271,\n\n,968.484375,0.07837538894180328
full_trace_balanced,13341,long,True,short,6,3593,).\n\n,594.4609375,0.048107236822763924
full_trace_balanced,13341,long,True,short,7,13,.,584.15625,0.04727332157169316
full_trace_balanced,13341,long,True,short,8,257,    ,363.359375,0.029405154152616606
full_trace_balanced,13341,long,True,short,9,59,\,307.5703125,0.024890378710693682
full_trace_balanced,13341,long,True,short,10,692,)\n\n,265.6484375,0.021497816741591538
full_trace_balanced,13341,long,True,short,11,624,.\n,250.640625,0.02028329725917536
full_trace_balanced,13341,long,True,short,12,18,3,153.53515625,0.012424957901188945
full_trace_balanced,13341,long,True,short,13,921,]\n,152.9609375,0.01237848877992003
full_trace_balanced,13341,long,True,short,14,19,4,125.6484375,0.010168202413169918
full_trace_balanced,13341,long,True,short,15,4292,).\n,73.859375,0.005977130237773326
full_trace_balanced,13341,long,True,short,16,8304,Step,64.5546875,0.0052241408033341435
full_trace_balanced,13341,long,True,short,17,20,5,63.5,0.005138789356105521
full_trace_balanced,13341,long,True,short,18,92,},61.1171875,0.004945958308663077
full_trace_balanced,13341,long,True,short,19,11035,}\,50.765625,0.0041082496599377065
full_trace_balanced,13341,long,True,short,20,334,**,45.8203125,0.0037080462073768305
full_trace_balanced,13341,long,True,long,1,1124, \,6474.5625,0.25008366358698164
full_trace_balanced,13341,long,True,long,2,2533,]\n\n,4421.375,0.17077812718494736
full_trace_balanced,13341,long,True,long,3,256,  ,2439.046875,0.09420957449408802
full_trace_balanced,13341,long,True,long,4,382,.\n\n,2403.6953125,0.09284410026111488
full_trace_balanced,13341,long,True,long,5,257,    ,2303.59375,0.08897762040540552
full_trace_balanced,13341,long,True,long,6,3593,).\n\n,1011.78125,0.03908062695334484
full_trace_balanced,13341,long,True,long,7,13,.,804.890625,0.031089358746141594
full_trace_balanced,13341,long,True,long,8,921,]\n,676.9296875,0.026146794666170974
full_trace_balanced,13341,long,True,long,9,14374,###,479.0078125,0.018501949535089973
full_trace_balanced,13341,long,True,long,10,59,\,450.953125,0.017418321254292945
full_trace_balanced,13341,long,True,long,11,271,\n\n,415.4921875,0.01604862234965978
full_trace_balanced,13341,long,True,long,12,624,.\n,343.8125,0.013279953601034683
full_trace_balanced,13341,long,True,long,13,19,4,313.90234375,0.012124656783147905
full_trace_balanced,13341,long,True,long,14,692,)\n\n,283.421875,0.0109473313201767
full_trace_balanced,13341,long,True,long,15,220, ,278.796875,0.010768688061409827
full_trace_balanced,13341,long,True,long,16,18,3,259.66015625,0.010029521402035748
full_trace_balanced,13341,long,True,long,17,334,**,243.6875,0.009412568458541035
full_trace_balanced,13341,long,True,long,18,8304,Step,212.1796875,0.008195561258191713
full_trace_balanced,13341,long,True,long,19,20,5,149.71875,0.005782971978054641
full_trace_balanced,13341,long,True,long,20,4292,).\n,125.5234375,0.004848414254404296
full_trace_balanced,7975,long,True,short,1,481, -,2678.1328125,0.11142542871686258
full_trace_balanced,7975,long,True,short,2,11,",",1544.6328125,0.06426543617987418
full_trace_balanced,7975,long,True,short,3,256,  ,1399.01171875,0.05820677742868046
full_trace_balanced,7975,long,True,short,4,279, the,1245.171875,0.05180617232665888
full_trace_balanced,7975,long,True,short,5,582, we,1056.109375,0.04394010608137933
full_trace_balanced,7975,long,True,short,6,13,.,704.765625,0.029322224627548264
full_trace_balanced,7975,long,True,short,7,3070, **,601.578125,0.025029042686736187
full_trace_balanced,7975,long,True,short,8,12,-,568.828125,0.023666457988380324
full_trace_balanced,7975,long,True,short,9,1477, find,520.640625,0.021661586228013206
full_trace_balanced,7975,long,True,short,10,220, ,519.56640625,0.02161689266980139
full_trace_balanced,7975,long,True,short,11,315, of,505.1484375,0.021017023857583896
full_trace_balanced,7975,long,True,short,12,25,:,492.0703125,0.020472900101608772
full_trace_balanced,7975,long,True,short,13,1372, number,489.7890625,0.02037798723616986
full_trace_balanced,7975,long,True,short,14,624,.\n,485.7265625,0.020208964325114268
full_trace_balanced,7975,long,True,short,15,311, to,415.8671875,0.017302420343077503
full_trace_balanced,7975,long,True,short,16,284, =,354.17578125,0.014735709925480399
full_trace_balanced,7975,long,True,short,17,15277, Therefore,323.45703125,0.013457636682652334
full_trace_balanced,7975,long,True,short,18,553, by,310.609375,0.01292310172643902
full_trace_balanced,7975,long,True,short,19,374, is,307.15234375,0.012779269730011903
full_trace_balanced,7975,long,True,short,20,576, The,304.609375,0.012673467888572296
full_trace_balanced,7975,long,True,long,1,481, -,4107.48046875,0.08038725693235595
full_trace_balanced,7975,long,True,long,2,11,",",2886.5859375,0.056493202385391884
full_trace_balanced,7975,long,True,long,3,256,  ,2822.171875,0.05523255858400574
full_trace_balanced,7975,long,True,long,4,279, the,2641.6328125,0.051699239286706486
full_trace_balanced,7975,long,True,long,5,582, we,2116.515625,0.041422201917371185
full_trace_balanced,7975,long,True,long,6,13,.,1613.859375,0.031584746225293024
full_trace_balanced,7975,long,True,long,7,1477, find,1120.296875,0.0219252637757635
full_trace_balanced,7975,long,True,long,8,3070, **,1109.3984375,0.021711971101059598
full_trace_balanced,7975,long,True,long,9,1372, number,1046.3046875,0.020477167057397442
full_trace_balanced,7975,long,True,long,10,220, ,1036.625,0.02028772646674645
full_trace_balanced,7975,long,True,long,11,90,{,1003.6171875,0.01964173252364682
full_trace_balanced,7975,long,True,long,12,1124, \,963.28125,0.018852320280280336
full_trace_balanced,7975,long,True,long,13,25,:,930.03125,0.01820158649996506
full_trace_balanced,7975,long,True,long,14,311, to,886.2734375,0.017345204943680796
full_trace_balanced,7975,long,True,long,15,374, is,866.92578125,0.016966553109340858
full_trace_balanced,7975,long,True,long,16,624,.\n,859.4453125,0.01682015329856739
full_trace_balanced,7975,long,True,long,17,315, of,854.1484375,0.016716488471722055
full_trace_balanced,7975,long,True,long,18,553, by,851.109375,0.01665701115956448
full_trace_balanced,7975,long,True,long,19,15277, Therefore,818.27734375,0.016014457420895557
full_trace_balanced,7975,long,True,long,20,2014, To,710.4375,0.013903930227149818
full_trace_balanced,804,long,True,short,1,315, of,1320.53125,0.08637440756780194
full_trace_balanced,804,long,True,short,2,2790, total,576.4296875,0.037703592976164484
full_trace_balanced,804,long,True,short,3,1372, number,557.21875,0.03644702797977794
full_trace_balanced,804,long,True,short,4,817, per,331.6015625,0.02168967111493571
full_trace_balanced,804,long,True,short,5,279, the,289.34375,0.018925636928089504
full_trace_balanced,804,long,True,short,6,2783, cost,287.0390625,0.01877489000904354
full_trace_balanced,804,long,True,short,7,311, to,262.859375,0.017193324875323993
full_trace_balanced,804,long,True,short,8,30696, traveled,216.796875,0.014180430520425632
full_trace_balanced,804,long,True,short,9,1590, final,211.359375,0.0138247699927782
full_trace_balanced,804,long,True,short,10,594,'s,205.8046875,0.01346144436755216
full_trace_balanced,804,long,True,short,11,13530, pairs,199.78125,0.013067458352011686
full_trace_balanced,804,long,True,short,12,15,0,174.46875,0.01141179727503226
full_trace_balanced,804,long,True,short,13,16687,nom,171.5390625,0.01122016983556705
full_trace_balanced,804,long,True,short,14,10657, Total,166.5390625,0.010893125672213089
full_trace_balanced,804,long,True,short,15,304, in,157.1484375,0.010278895852913932
full_trace_balanced,804,long,True,short,16,90,{,155.3203125,0.01015932033068764
full_trace_balanced,804,long,True,short,17,21,6,147.8515625,0.009670798111677661
full_trace_balanced,804,long,True,short,18,1635, years,146.6015625,0.009589037070839171
full_trace_balanced,804,long,True,short,19,30191, cents,140.8671875,0.009213958295992598
full_trace_balanced,804,long,True,short,20,339,th,139.90625,0.009151104495848009
full_trace_balanced,804,long,True,long,1,315, of,2373.671875,0.0833975863201937
full_trace_balanced,804,long,True,long,2,1372, number,1088.1796875,0.038232562965410985
full_trace_balanced,804,long,True,long,3,2790, total,954.3125,0.03352921687846592
full_trace_balanced,804,long,True,long,4,90,{,853.3671875,0.029982561798838424
full_trace_balanced,804,long,True,long,5,1318,text,684.12109375,0.024036198334902944
full_trace_balanced,804,long,True,long,6,11,",",654.546875,0.022997125290716746
full_trace_balanced,804,long,True,long,7,279, the,570.640625,0.020049127801729877
full_trace_balanced,804,long,True,long,8,817, per,398.09375,0.013986793300634534
full_trace_balanced,804,long,True,long,9,15,0,388.1328125,0.013636821531690562
full_trace_balanced,804,long,True,long,10,2783, cost,379.9765625,0.01335025641264938
full_trace_balanced,804,long,True,long,11,594,'s,377.4765625,0.01326242036083599
full_trace_balanced,804,long,True,long,12,311, to,361.9765625,0.012717836839592978
full_trace_balanced,804,long,True,long,13,13530, pairs,315.15625,0.011072832281725353
full_trace_balanced,804,long,True,long,14,17,2,309.421875,0.010871358337878391
full_trace_balanced,804,long,True,long,15,304, in,302.6015625,0.010631730609024989
full_trace_balanced,804,long,True,long,16,1590, final,274.9375,0.009659769798177457
full_trace_balanced,804,long,True,long,17,1635, years,253.40625,0.008903281801934644
full_trace_balanced,804,long,True,long,18,21,6,248.5390625,0.008732275988560452
full_trace_balanced,804,long,True,long,19,16687,nom,239.484375,0.008414144788398834
full_trace_balanced,804,long,True,long,20,92,},237.2265625,0.008334817854104866
full_trace_balanced,20088,long,False,short,1,921,]\n,954.53125,0.3710638246178283
full_trace_balanced,20088,long,False,short,2,2533,]\n\n,614.2890625,0.23879830959138335
full_trace_balanced,20088,long,False,short,3,256,  ,235.7109375,0.09163010846738007
full_trace_balanced,20088,long,False,short,4,198,\n,130.4609375,0.050715295525397885
full_trace_balanced,20088,long,False,short,5,340,)\n,90.0859375,0.035019945667606626
full_trace_balanced,20088,long,False,short,6,1019,**\n,56.18359375,0.021840771769022032
full_trace_balanced,20088,long,False,short,7,1124, \,55.6953125,0.02165095765019232
full_trace_balanced,20088,long,False,short,8,624,.\n,45.984375,0.017875934454906997
full_trace_balanced,20088,long,False,short,9,8,),41.421875,0.016102311328562165
full_trace_balanced,20088,long,False,short,10,429, that,22.65625,0.008807375113698657
full_trace_balanced,20088,long,False,short,11,510,:\n,20.734375,0.00806026674198491
full_trace_balanced,20088,long,False,short,12,15,0,18.65625,0.007252417852245653
full_trace_balanced,20088,long,False,short,13,4292,).\n,17.90625,0.006960863365723214
full_trace_balanced,20088,long,False,short,14,19,4,17.34375,0.006742197500831386
full_trace_balanced,20088,long,False,short,15,692,)\n\n,15.1171875,0.005876645118967897
full_trace_balanced,20088,long,False,short,16,11,",",14.34375,0.005575979554741633
full_trace_balanced,20088,long,False,short,17,481, -,13.2265625,0.005141684850859251
full_trace_balanced,20088,long,False,short,18,90,{,12.015625,0.004670945836161564
full_trace_balanced,20088,long,False,short,19,60,],11.484375,0.004464428074874837
full_trace_balanced,20088,long,False,short,20,16,1,10.984375,0.004270058417193211
full_trace_balanced,20088,long,False,long,1,921,]\n,3203.25,0.39556998204085886
full_trace_balanced,20088,long,False,long,2,2533,]\n\n,2039.0,0.25179651709398615
full_trace_balanced,20088,long,False,long,3,256,  ,848.671875,0.10480265928426817
full_trace_balanced,20088,long,False,long,4,1124, \,306.94140625,0.03790425553981377
full_trace_balanced,20088,long,False,long,5,198,\n,224.21875,0.02768881820361315
full_trace_balanced,20088,long,False,long,6,257,    ,201.4375,0.02487555709275127
full_trace_balanced,20088,long,False,long,7,340,)\n,115.28125,0.014236104578833297
full_trace_balanced,20088,long,False,long,8,1019,**\n,114.98046875,0.014198961042218695
full_trace_balanced,20088,long,False,long,9,481, -,100.9453125,0.012465756794734686
full_trace_balanced,20088,long,False,long,10,4292,).\n,81.6484375,0.010082781848291325
full_trace_balanced,20088,long,False,long,11,510,:\n,73.86328125,0.009121391348643223
full_trace_balanced,20088,long,False,long,12,624,.\n,63.8828125,0.00788890127006776
full_trace_balanced,20088,long,False,long,13,8,),49.28125,0.006085751401686124
full_trace_balanced,20088,long,False,long,14,3719, Sub,44.2265625,0.005461547033123834
full_trace_balanced,20088,long,False,long,15,9640,[\n,37.52734375,0.004634259172162222
full_trace_balanced,20088,long,False,long,16,3136,Sub,35.65625,0.004403197431403847
full_trace_balanced,20088,long,False,long,17,279, the,31.171875,0.0038494210673315843
full_trace_balanced,20088,long,False,long,18,15,0,30.375,0.003751014814482506
full_trace_balanced,20088,long,False,long,19,11,",",27.44140625,0.0033887447365920273
full_trace_balanced,20088,long,False,long,20,429, that,23.046875,0.0028460631951449057
full_trace_balanced,8597,long,True,short,1,90,{,433.484375,0.11537373888597782
full_trace_balanced,8597,long,True,short,2,1318,text,358.9609375,0.09553900408380533
full_trace_balanced,8597,long,True,short,3,10657, Total,315.3203125,0.08392386322994902
full_trace_balanced,8597,long,True,short,4,481, -,251.828125,0.06702514326587984
full_trace_balanced,8597,long,True,short,5,315, of,244.015625,0.06494581264399364
full_trace_balanced,8597,long,True,short,6,284, =,149.5234375,0.03979630877228003
full_trace_balanced,8597,long,True,short,7,78045,\[,122.6171875,0.03263509411050395
full_trace_balanced,8597,long,True,short,8,11,",",93.01953125,0.02475755004948807
full_trace_balanced,8597,long,True,short,9,7595,Total,66.328125,0.01765351697981386
full_trace_balanced,8597,long,True,short,10,15,0,65.2109375,0.01735617270088413
full_trace_balanced,8597,long,True,short,11,400, $,54.6640625,0.014549076361337758
full_trace_balanced,8597,long,True,short,12,5624, Number,52.953125,0.01409370295514468
full_trace_balanced,8597,long,True,short,13,12,-,50.484375,0.01343663447862864
full_trace_balanced,8597,long,True,short,14,17767, \(,45.5703125,0.012128735517462219
full_trace_balanced,8597,long,True,short,15,220, ,41.265625,0.010983024344802922
full_trace_balanced,8597,long,True,short,16,9640,[\n,36.984375,0.009843551164009283
full_trace_balanced,8597,long,True,short,17,279, the,34.09375,0.009074198833911386
full_trace_balanced,8597,long,True,short,18,1372, number,31.875,0.008483668937295706
full_trace_balanced,8597,long,True,short,19,389, on,31.1015625,0.008277815205728971
full_trace_balanced,8597,long,True,short,20,89630, Remaining,31.09375,0.008275735875107085
full_trace_balanced,8597,long,True,long,1,90,{,2885.4453125,0.21813080099374524
full_trace_balanced,8597,long,True,long,2,1318,text,2418.9921875,0.1828683777755663
full_trace_balanced,8597,long,True,long,3,11,",",620.44140625,0.046903464199686926
full_trace_balanced,8597,long,True,long,4,78045,\[,574.65625,0.04344224704780708
full_trace_balanced,8597,long,True,long,5,315, of,509.5703125,0.03852195012906108
full_trace_balanced,8597,long,True,long,6,284, =,406.31640625,0.030716272032001123
full_trace_balanced,8597,long,True,long,7,257,    ,352.23046875,0.026627541319184107
full_trace_balanced,8597,long,True,long,8,9640,[\n,325.390625,0.024598531588737357
full_trace_balanced,8597,long,True,long,9,256,  ,322.921875,0.02441190167320216
full_trace_balanced,8597,long,True,long,10,92,},322.03125,0.02434457315936984
full_trace_balanced,8597,long,True,long,11,7595,Total,245.34375,0.018547233757808115
full_trace_balanced,8597,long,True,long,12,481, -,230.90625,0.017455803112526324
full_trace_balanced,8597,long,True,long,13,220, ,202.0703125,0.015275894826955384
full_trace_balanced,8597,long,True,long,14,10657, Total,189.6796875,0.014339201643288219
full_trace_balanced,8597,long,True,long,15,1124, \,176.484375,0.013341676556772555
full_trace_balanced,8597,long,True,long,16,279, the,115.3203125,0.008717861339288166
full_trace_balanced,8597,long,True,long,17,15,0,110.53125,0.008355822927189824
full_trace_balanced,8597,long,True,long,18,1372, number,100.515625,0.007598672447075506
full_trace_balanced,8597,long,True,long,19,304, in,93.1640625,0.007042916907459615
full_trace_balanced,8597,long,True,long,20,369, for,85.03125,0.006428101267990814
full_trace_balanced,6477,long,True,short,1,279, the,3519.71875,0.10205612312047214
full_trace_balanced,6477,long,True,short,2,3070, **,2066.015625,0.05990522538024358
full_trace_balanced,6477,long,True,short,3,315, of,1506.46875,0.04368086519047687
full_trace_balanced,6477,long,True,short,4,47866,Calculate,1366.7578125,0.03962987201416794
full_trace_balanced,6477,long,True,short,5,2790, total,1047.109375,0.03036149501877121
full_trace_balanced,6477,long,True,short,6,311, to,773.65625,0.02243257575706092
full_trace_balanced,6477,long,True,short,7,25,:,755.0390625,0.021892760472201324
full_trace_balanced,6477,long,True,short,8,24308,etermine,752.9765625,0.021832957184243735
full_trace_balanced,6477,long,True,short,9,1372, number,652.7421875,0.018926608000547292
full_trace_balanced,6477,long,True,short,10,20517, Calculate,544.65625,0.01579259857292139
full_trace_balanced,6477,long,True,short,11,594,'s,441.1953125,0.01279269348798826
full_trace_balanced,6477,long,True,short,12,504, from,411.59375,0.011934380389233324
full_trace_balanced,6477,long,True,short,13,369, for,367.0390625,0.01064249345278587
full_trace_balanced,6477,long,True,short,14,220, ,315.92578125,0.009160436591185404
full_trace_balanced,6477,long,True,short,15,15,0,313.8125,0.009099160873789465
full_trace_balanced,6477,long,True,short,16,7595,Total,259.1875,0.007515279853336967
full_trace_balanced,6477,long,True,short,17,17,2,250.22265625,0.007255339425566766
full_trace_balanced,6477,long,True,short,18,2783, cost,241.0859375,0.006990415390466767
full_trace_balanced,6477,long,True,short,19,16,1,232.58984375,0.006744066619050564
full_trace_balanced,6477,long,True,short,20,18,3,220.90234375,0.006405181320624229
full_trace_balanced,6477,long,True,long,1,279, the,6454.3671875,0.0984424891337906
full_trace_balanced,6477,long,True,long,2,3070, **,3648.3046875,0.05564421485835649
full_trace_balanced,6477,long,True,long,3,315, of,2937.96875,0.044810118226217104
full_trace_balanced,6477,long,True,long,4,25,:,2071.0546875,0.0315878803679706
full_trace_balanced,6477,long,True,long,5,47866,Calculate,1772.0625,0.027027629252096654
full_trace_balanced,6477,long,True,long,6,2790, total,1566.34375,0.02388999155297218
full_trace_balanced,6477,long,True,long,7,311, to,1391.8046875,0.021227908770193062
full_trace_balanced,6477,long,True,long,8,1372, number,1352.4296875,0.020627358337123515
full_trace_balanced,6477,long,True,long,9,20517, Calculate,1279.65625,0.019517412447432474
full_trace_balanced,6477,long,True,long,10,24308,etermine,1025.84375,0.015646245290773055
full_trace_balanced,6477,long,True,long,11,369, for,869.671875,0.013264300219927765
full_trace_balanced,6477,long,True,long,12,90,{,794.609375,0.01211944137847296
full_trace_balanced,6477,long,True,long,13,17,2,684.82421875,0.010444989997379741
full_trace_balanced,6477,long,True,long,14,504, from,678.0234375,0.01034126397516009
full_trace_balanced,6477,long,True,long,15,18,3,630.42578125,0.00961530097645449
full_trace_balanced,6477,long,True,long,16,7595,Total,614.03125,0.009365250364590117
full_trace_balanced,6477,long,True,long,17,220, ,557.140625,0.008497550314270186
full_trace_balanced,6477,long,True,long,18,594,'s,532.7890625,0.00812613846905634
full_trace_balanced,6477,long,True,long,19,16,1,475.4375,0.007251408165650875
full_trace_balanced,6477,long,True,long,20,2783, cost,470.25,0.0071722880292306
full_trace_balanced,12593,long,True,short,1,284, =,560.25,0.03389963510809432
full_trace_balanced,12593,long,True,short,2,220, ,490.6953125,0.02969101658724197
full_trace_balanced,12593,long,True,short,3,481, -,450.47265625,0.02725722208487105
full_trace_balanced,12593,long,True,short,4,315, of,443.59375,0.026840992880377
full_trace_balanced,12593,long,True,short,5,17767, \(,412.2421875,0.024943970963699425
full_trace_balanced,12593,long,True,short,6,279, the,402.3515625,0.024345508529980558
full_trace_balanced,12593,long,True,short,7,25,:,340.4140625,0.020597791172537287
full_trace_balanced,12593,long,True,short,8,15136,times,338.3046875,0.02047015700420862
full_trace_balanced,12593,long,True,short,9,817, per,329.234375,0.019921330080395344
full_trace_balanced,12593,long,True,short,10,11,",",304.390625,0.018418083208968806
full_trace_balanced,12593,long,True,short,11,369, for,299.3359375,0.018112233924121958
full_trace_balanced,12593,long,True,short,12,374, is,289.5078125,0.017517553243538757
full_trace_balanced,12593,long,True,short,13,1817, each,247.6640625,0.014985669519211542
full_trace_balanced,12593,long,True,short,14,1318,text,244.890625,0.014817854223816441
full_trace_balanced,12593,long,True,short,15,504, from,230.78125,0.013964123453440237
full_trace_balanced,12593,long,True,short,16,311, to,221.734375,0.013416714687052838
full_trace_balanced,12593,long,True,short,17,24768, ×,206.8984375,0.012519021036474537
full_trace_balanced,12593,long,True,short,18,15277, Therefore,205.03125,0.012406041161546567
full_trace_balanced,12593,long,True,short,19,400, $,202.1328125,0.012230662359880138
full_trace_balanced,12593,long,True,short,20,90,{,185.2890625,0.011211479889818623
full_trace_balanced,12593,long,True,long,1,279, the,1356.8359375,0.0345471258203637
full_trace_balanced,12593,long,True,long,2,11,",",1272.8359375,0.03240835687364972
full_trace_balanced,12593,long,True,long,3,315, of,1091.2578125,0.027785099074214607
full_trace_balanced,12593,long,True,long,4,481, -,1037.25,0.026409977261655664
full_trace_balanced,12593,long,True,long,5,220, ,1027.32421875,0.026157251634163093
full_trace_balanced,12593,long,True,long,6,374, is,967.703125,0.024639207064143773
full_trace_balanced,12593,long,True,long,7,284, =,944.09375,0.02403807613436609
full_trace_balanced,12593,long,True,long,8,1318,text,937.2734375,0.023864420508391267
full_trace_balanced,12593,long,True,long,9,15136,times,871.421875,0.022187738639729424
full_trace_balanced,12593,long,True,long,10,90,{,775.8828125,0.019755167448382207
full_trace_balanced,12593,long,True,long,11,817, per,662.9453125,0.016879605330292802
full_trace_balanced,12593,long,True,long,12,15277, Therefore,575.421875,0.014651124256070637
full_trace_balanced,12593,long,True,long,13,311, to,571.1796875,0.014543111650223753
full_trace_balanced,12593,long,True,long,14,17767, \(,571.1171875,0.014541520304281257
full_trace_balanced,12593,long,True,long,15,369, for,494.984375,0.012603062028078902
full_trace_balanced,12593,long,True,long,16,17,2,494.625,0.012593911788909552
full_trace_balanced,12593,long,True,long,17,37018,frac,482.53125,0.012285986349036668
full_trace_balanced,12593,long,True,long,18,256,  ,459.9375,0.011710714790824538
full_trace_balanced,12593,long,True,long,19,1124, \,446.3515625,0.011364795966574574
full_trace_balanced,12593,long,True,long,20,1372, number,418.734375,0.010661619978234366
full_trace_balanced,5992,long,True,short,1,481, -,4787.33984375,0.2057631388255931
full_trace_balanced,5992,long,True,short,2,3070, **,3438.765625,0.14780049709846807
full_trace_balanced,5992,long,True,short,3,13,.,1818.609375,0.07816507403086953
full_trace_balanced,5992,long,True,short,4,2533,]\n\n,1579.95703125,0.06790763316792486
full_trace_balanced,5992,long,True,short,5,25,:,1320.671875,0.05676337992036485
full_trace_balanced,5992,long,True,short,6,12,-,1020.4140625,0.04385809390070522
full_trace_balanced,5992,long,True,short,7,256,  ,975.640625,0.04193370095249224
full_trace_balanced,5992,long,True,short,8,11,",",736.578125,0.03165863129356411
full_trace_balanced,5992,long,True,short,9,382,.\n\n,380.40625,0.016350120648121844
full_trace_balanced,5992,long,True,short,10,624,.\n,364.3515625,0.015660079205340887
full_trace_balanced,5992,long,True,short,11,271,\n\n,337.84765625,0.014520923198219526
full_trace_balanced,5992,long,True,short,12,576, The,312.859375,0.013446909789589408
full_trace_balanced,5992,long,True,short,13,582, we,311.1953125,0.013375387245885103
full_trace_balanced,5992,long,True,short,14,284, =,308.5703125,0.01326256295159099
full_trace_balanced,5992,long,True,short,15,1019,**\n,251.61328125,0.010814510816021855
full_trace_balanced,5992,long,True,short,16,220, ,207.57421875,0.008921681807284016
full_trace_balanced,5992,long,True,short,17,279, the,192.8984375,0.008290906697666484
full_trace_balanced,5992,long,True,short,18,95518,**:,160.7734375,0.006910152238924247
full_trace_balanced,5992,long,True,short,19,18,3,149.49609375,0.0064254442960267714
full_trace_balanced,5992,long,True,short,20,1124, \,143.2890625,0.0061586618501438175
full_trace_balanced,5992,long,True,long,1,481, -,7649.99609375,0.19664409569374916
full_trace_balanced,5992,long,True,long,2,3070, **,5208.609375,0.13388794815276556
full_trace_balanced,5992,long,True,long,3,2533,]\n\n,2554.08984375,0.06565319530752968
full_trace_balanced,5992,long,True,long,4,13,.,2464.1484375,0.06334124033648007
full_trace_balanced,5992,long,True,long,5,256,  ,2337.25390625,0.06007940071717295
full_trace_balanced,5992,long,True,long,6,25,:,1920.0390625,0.04935484156004396
full_trace_balanced,5992,long,True,long,7,12,-,1082.0703125,0.027814751206534243
full_trace_balanced,5992,long,True,long,8,11,",",1000.25,0.02571154995469472
full_trace_balanced,5992,long,True,long,9,1019,**\n,946.2578125,0.024323674097589502
full_trace_balanced,5992,long,True,long,10,56177,**\n\n,701.78125,0.018039373823187307
full_trace_balanced,5992,long,True,long,11,576, The,629.3125,0.016176555641953333
full_trace_balanced,5992,long,True,long,12,198,\n,500.6484375,0.012869230003020352
full_trace_balanced,5992,long,True,long,13,95518,**:,489.671875,0.012587076106444918
full_trace_balanced,5992,long,True,long,14,582, we,468.546875,0.012044055368836393
full_trace_balanced,5992,long,True,long,15,624,.\n,448.125,0.011519108546310993
full_trace_balanced,5992,long,True,long,16,279, the,445.765625,0.011458460520143177
full_trace_balanced,5992,long,True,long,17,271,\n\n,377.9453125,0.009715130999736522
full_trace_balanced,5992,long,True,long,18,374, is,354.046875,0.00910081870818901
full_trace_balanced,5992,long,True,long,19,220, ,350.78125,0.009016875413691835
full_trace_balanced,5992,long,True,long,20,90,{,316.515625,0.008136073285307594
prefix64_trace_balanced,23640,short,True,short,1,220, ,5722.3046875,0.73116504207452
prefix64_trace_balanced,23640,short,True,short,2,400, $,1029.390625,0.1315299482887316
prefix64_trace_balanced,23640,short,True,short,3,284, =,505.84375,0.06463396951927562
prefix64_trace_balanced,23640,short,True,short,4,32882, \$,199.3203125,0.02546806796109963
prefix64_trace_balanced,23640,short,True,short,5,16,1,89.0390625,0.011376928254327304
prefix64_trace_balanced,23640,short,True,short,6,90,{,47.75,0.006101235894573
prefix64_trace_balanced,23640,short,True,short,7,13,.,40.265625,0.0051449230694746795
prefix64_trace_balanced,23640,short,True,short,8,15170,}{,24.359375,0.003112508756426475
prefix64_trace_balanced,23640,short,True,short,9,30191, cents,23.34375,0.0029827377050039468
prefix64_trace_balanced,23640,short,True,short,10,481, -,20.7109375,0.002646331210162471
prefix64_trace_balanced,23640,short,True,short,11,15,0,10.890625,0.0013915449667923367
prefix64_trace_balanced,23640,short,True,short,12,17,2,10.3359375,0.0013206700079384946
prefix64_trace_balanced,23640,short,True,short,13,374, is,10.25,0.0013096893805104345
prefix64_trace_balanced,23640,short,True,short,14,4420, minutes,8.6953125,0.0011110398479482573
prefix64_trace_balanced,23640,short,True,short,15,10657, Total,6.5625,0.0008385206399609489
prefix64_trace_balanced,23640,short,True,short,16,444, L,6.0,0.0007666474422500105
prefix64_trace_balanced,23640,short,True,short,17,1077, let,5.9375,0.0007586615313932395
prefix64_trace_balanced,23640,short,True,short,18,1265, should,4.828125,0.0006169116136855552
prefix64_trace_balanced,23640,short,True,short,19,311, to,4.53125,0.0005789785371158933
prefix64_trace_balanced,23640,short,True,short,20,34254, slices,4.328125,0.0005530243268313877
prefix64_trace_balanced,23640,short,True,long,1,220, ,6287.078125,0.8010870349677847
prefix64_trace_balanced,23640,short,True,long,2,284, =,443.546875,0.05651586379212945
prefix64_trace_balanced,23640,short,True,long,3,400, $,360.234375,0.04590035015068674
prefix64_trace_balanced,23640,short,True,long,4,32882, \$,294.171875,0.037482797323226166
prefix64_trace_balanced,23640,short,True,long,5,90,{,73.109375,0.009315451674476827
prefix64_trace_balanced,23640,short,True,long,6,16,1,65.625,0.008361807444497259
prefix64_trace_balanced,23640,short,True,long,7,13,.,58.796875,0.007491781288962663
prefix64_trace_balanced,23640,short,True,long,8,15170,}{,48.65625,0.006199682948134396
prefix64_trace_balanced,23640,short,True,long,9,1124, \,37.8046875,0.004816998359990742
prefix64_trace_balanced,23640,short,True,long,10,30191, cents,30.375,0.0038703223028815886
prefix64_trace_balanced,23640,short,True,long,11,92,},24.921875,0.0031754959223745543
prefix64_trace_balanced,23640,short,True,long,12,481, -,14.7421875,0.0018784203152102772
prefix64_trace_balanced,23640,short,True,long,13,279, the,10.3359375,0.0013169846725083183
prefix64_trace_balanced,23640,short,True,long,14,4420, minutes,10.15625,0.001294089247362671
prefix64_trace_balanced,23640,short,True,long,15,257,    ,10.078125,0.0012841347146906506
prefix64_trace_balanced,23640,short,True,long,16,8,),6.15625,0.0007844171745552191
prefix64_trace_balanced,23640,short,True,long,17,566, he,4.703125,0.0005992628668556369
prefix64_trace_balanced,23640,short,True,long,18,311, to,4.5625,0.0005813447080459999
prefix64_trace_balanced,23640,short,True,long,19,633, get,4.21875,0.0005375447642891095
prefix64_trace_balanced,23640,short,True,long,20,1417, Sh,4.109375,0.0005236084185482807
prefix64_trace_balanced,27284,short,True,short,1,284, =,7946.140625,0.9739689166802326
prefix64_trace_balanced,27284,short,True,short,2,198,\n,45.828125,0.005617213609246474
prefix64_trace_balanced,27284,short,True,short,3,92,},29.421875,0.003606277949611698
prefix64_trace_balanced,27284,short,True,short,4,921,]\n,14.59375,0.0017887751486656005
prefix64_trace_balanced,27284,short,True,short,5,28,=,12.390625,0.0015187352172289306
prefix64_trace_balanced,27284,short,True,short,6,220, ,11.9765625,0.0014679830315333863
prefix64_trace_balanced,27284,short,True,short,7,15,0,10.4609375,0.001282210880119507
prefix64_trace_balanced,27284,short,True,short,8,481, -,7.21875,0.0008848116902393014
prefix64_trace_balanced,27284,short,True,short,9,256,  ,6.9609375,0.0008532112727307549
prefix64_trace_balanced,27284,short,True,short,10,12,-,6.9296875,0.0008493809190933553
prefix64_trace_balanced,27284,short,True,short,11,3417,}},6.84375,0.0008388474465905064
prefix64_trace_balanced,27284,short,True,short,12,582, we,5.8984375,0.0007229792490591693
prefix64_trace_balanced,27284,short,True,short,13,8279, cookies,5.40625,0.0006626511792701261
prefix64_trace_balanced,27284,short,True,short,14,8,),4.65625,0.0005707226919725364
prefix64_trace_balanced,27284,short,True,short,15,279, the,4.34375,0.0005324191555985407
prefix64_trace_balanced,27284,short,True,short,16,2783, cost,4.3359375,0.0005314615671891908
prefix64_trace_balanced,27284,short,True,short,17,10657, Total,4.265625,0.0005228432715050417
prefix64_trace_balanced,27284,short,True,short,18,264, a,3.953125,0.00048453973513104597
prefix64_trace_balanced,27284,short,True,short,19,389, on,3.609375,0.0004424058451196507
prefix64_trace_balanced,27284,short,True,short,20,594,'s,3.5703125,0.0004376179030729012
prefix64_trace_balanced,27284,short,True,long,1,284, =,7786.8671875,0.9558976306571922
prefix64_trace_balanced,27284,short,True,long,2,92,},103.90625,0.012755288589603146
prefix64_trace_balanced,27284,short,True,long,3,921,]\n,98.109375,0.01204367775249897
prefix64_trace_balanced,27284,short,True,long,4,198,\n,20.7734375,0.002550098673665772
prefix64_trace_balanced,27284,short,True,long,5,582, we,16.8125,0.00206386323645308
prefix64_trace_balanced,27284,short,True,long,6,15,0,14.0390625,0.0017234025259787106
prefix64_trace_balanced,27284,short,True,long,7,23606, equation,7.421875,0.0009110920421145104
prefix64_trace_balanced,27284,short,True,long,8,17767, \(,6.984375,0.0008573855638424971
prefix64_trace_balanced,27284,short,True,long,9,8279, cookies,6.4140625,0.0007873753332379084
prefix64_trace_balanced,27284,short,True,long,10,481, -,5.890625,0.000723119368162464
prefix64_trace_balanced,27284,short,True,long,11,15198, birthday,4.953125,0.0006080340575795785
prefix64_trace_balanced,27284,short,True,long,12,78045,\[,4.828125,0.0005926893495018605
prefix64_trace_balanced,27284,short,True,long,13,17,2,4.546875,0.0005581637563269948
prefix64_trace_balanced,27284,short,True,long,14,16,1,4.3984375,0.0005399419154847046
prefix64_trace_balanced,27284,short,True,long,15,264, a,4.203125,0.00051596580911327
prefix64_trace_balanced,27284,short,True,long,16,510,:\n,3.859375,0.0004737678618995454
prefix64_trace_balanced,27284,short,True,long,17,256,  ,3.75,0.00046034124233154206
prefix64_trace_balanced,27284,short,True,long,18,2783, cost,3.3984375,0.00041718425086296
prefix64_trace_balanced,27284,short,True,long,19,1447,:\n\n,2.935546875,0.0003603608787626603
prefix64_trace_balanced,27284,short,True,long,20,1683, �,2.84375,0.0003490921087680861
prefix64_trace_balanced,1068,short,True,short,1,284, =,8604.9765625,0.5783770698576634
prefix64_trace_balanced,1068,short,True,short,2,220, ,5604.0703125,0.37667339859417187
prefix64_trace_balanced,1068,short,True,short,3,400, $,228.7265625,0.015373684989902109
prefix64_trace_balanced,1068,short,True,short,4,78045,\[,95.453125,0.006415810472610717
prefix64_trace_balanced,1068,short,True,short,5,32882, \$,60.8203125,0.004087991858673631
prefix64_trace_balanced,1068,short,True,short,6,198,\n,43.453125,0.002920669327930988
prefix64_trace_balanced,1068,short,True,short,7,92,},30.515625,0.0020510849325599493
prefix64_trace_balanced,1068,short,True,short,8,19,4,17.8359375,0.0011988292117343484
prefix64_trace_balanced,1068,short,True,short,9,90,{,15.859375,0.0010659760402193285
prefix64_trace_balanced,1068,short,True,short,10,76,m,15.7109375,0.0010559989245719555
prefix64_trace_balanced,1068,short,True,short,11,18,3,14.8125,0.0009956111193378555
prefix64_trace_balanced,1068,short,True,short,12,28,=,10.8125,0.0007267541082086456
prefix64_trace_balanced,1068,short,True,short,13,3417,}},10.359375,0.0006962976499166648
prefix64_trace_balanced,1068,short,True,short,14,9640,[\n,7.421875,0.0004988557823686513
prefix64_trace_balanced,1068,short,True,short,15,481, -,6.984375,0.00046944954677639395
prefix64_trace_balanced,1068,short,True,short,16,488, +,6.7890625,0.0004563217630298505
prefix64_trace_balanced,1068,short,True,short,17,20332, balls,6.703125,0.0004505455381813714
prefix64_trace_balanced,1068,short,True,short,18,323, and,6.1875,0.0004158881890904966
prefix64_trace_balanced,1068,short,True,short,19,269,or,6.046875,0.00040643618479298537
prefix64_trace_balanced,1068,short,True,short,20,4420, minutes,5.9609375,0.00040065995994450625
prefix64_trace_balanced,1068,short,True,long,1,284, =,8773.953125,0.5605176223271544
prefix64_trace_balanced,1068,short,True,long,2,220, ,5860.1640625,0.37437232453410646
prefix64_trace_balanced,1068,short,True,long,3,78045,\[,231.484375,0.014788211155491827
prefix64_trace_balanced,1068,short,True,long,4,90,{,76.1875,0.004867183097818302
prefix64_trace_balanced,1068,short,True,long,5,32882, \$,72.3125,0.004619631537469873
prefix64_trace_balanced,1068,short,True,long,6,400, $,59.03125,0.0037711685282111455
prefix64_trace_balanced,1068,short,True,long,7,198,\n,47.09375,0.003008550011653889
prefix64_trace_balanced,1068,short,True,long,8,92,},40.84375,0.0026092733014144876
prefix64_trace_balanced,1068,short,True,long,9,1124, \,28.875,0.001844658401306034
prefix64_trace_balanced,1068,short,True,long,10,76,m,28.8671875,0.001844159305418235
prefix64_trace_balanced,1068,short,True,long,11,56177,**\n\n,26.5,0.0016929332514150617
prefix64_trace_balanced,1068,short,True,long,12,481, -,22.6171875,0.0014448825951788335
prefix64_trace_balanced,1068,short,True,long,13,6226,cm,20.609375,0.0013166149520144259
prefix64_trace_balanced,1068,short,True,long,14,374, is,17.03125,0.0010880290354023687
prefix64_trace_balanced,1068,short,True,long,15,19,4,16.8203125,0.001074553446431789
prefix64_trace_balanced,1068,short,True,long,16,3417,}},16.796875,0.001073056158768391
prefix64_trace_balanced,1068,short,True,long,17,18,3,16.5234375,0.0010555878026954173
prefix64_trace_balanced,1068,short,True,long,18,20332, balls,16.34375,0.0010441085972760344
prefix64_trace_balanced,1068,short,True,long,19,3658,iles,12.40625,0.0007925642698252116
prefix64_trace_balanced,1068,short,True,long,20,279, the,12.1484375,0.0007760941055278363
prefix64_trace_balanced,15720,short,True,short,1,284, =,6077.78125,0.6371142497268771
prefix64_trace_balanced,15720,short,True,short,2,220, ,3026.6875,0.31727791054016913
prefix64_trace_balanced,15720,short,True,short,3,374, is,57.859375,0.006065212085872789
prefix64_trace_balanced,15720,short,True,short,4,15,0,57.7890625,0.006057841452768164
prefix64_trace_balanced,15720,short,True,short,5,198,\n,54.96875,0.005762197169349304
prefix64_trace_balanced,15720,short,True,short,6,25,:,26.921875,0.0028221335198376496
prefix64_trace_balanced,15720,short,True,short,7,481, -,21.3046875,0.002233301830701471
prefix64_trace_balanced,15720,short,True,short,8,28,=,18.015625,0.001888519993251776
prefix64_trace_balanced,15720,short,True,short,9,921,]\n,17.5703125,0.0018418393169224822
prefix64_trace_balanced,15720,short,True,short,10,92,},14.53125,0.001523264174955899
prefix64_trace_balanced,15720,short,True,short,11,1124, \,14.5078125,0.0015208072972543573
prefix64_trace_balanced,15720,short,True,short,12,256,  ,14.1171875,0.0014798593355619945
prefix64_trace_balanced,15720,short,True,short,13,2533,]\n\n,13.421875,0.0014069719637495885
prefix64_trace_balanced,15720,short,True,short,14,19,4,10.2890625,0.0010785693109768382
prefix64_trace_balanced,15720,short,True,short,15,16,1,10.09375,0.0010580953301306568
prefix64_trace_balanced,15720,short,True,short,16,510,:\n,9.515625,0.0009974923468259597
prefix64_trace_balanced,15720,short,True,short,17,12,-,9.3046875,0.0009753804475120838
prefix64_trace_balanced,15720,short,True,short,18,22,7,8.90625,0.0009336135265858736
prefix64_trace_balanced,15720,short,True,short,19,11877, ride,8.796875,0.000922148097312012
prefix64_trace_balanced,15720,short,True,short,20,279, the,8.0078125,0.000839433214693439
prefix64_trace_balanced,15720,short,True,long,1,284, =,5992.4609375,0.6158744636937694
prefix64_trace_balanced,15720,short,True,long,2,220, ,3003.4453125,0.30867873655947436
prefix64_trace_balanced,15720,short,True,long,3,374, is,146.4453125,0.015050899661605673
prefix64_trace_balanced,15720,short,True,long,4,15,0,76.546875,0.00786709601944051
prefix64_trace_balanced,15720,short,True,long,5,256,  ,51.9296875,0.005337067487366919
prefix64_trace_balanced,15720,short,True,long,6,1124, \,49.5,0.005087356642087679
prefix64_trace_balanced,15720,short,True,long,7,510,:\n,42.6484375,0.00438318811697548
prefix64_trace_balanced,15720,short,True,long,8,2533,]\n\n,38.984375,0.004006614527149229
prefix64_trace_balanced,15720,short,True,long,9,921,]\n,37.71875,0.0038765400675503966
prefix64_trace_balanced,15720,short,True,long,10,198,\n,29.90625,0.0030736113045946394
prefix64_trace_balanced,15720,short,True,long,11,25,:,24.75,0.0025436783210438397
prefix64_trace_balanced,15720,short,True,long,12,92,},24.5625,0.002524408030732901
prefix64_trace_balanced,15720,short,True,long,13,19,4,22.7421875,0.00233732562896421
prefix64_trace_balanced,15720,short,True,long,14,1447,:\n\n,20.15625,0.0020715562084258543
prefix64_trace_balanced,15720,short,True,long,15,481, -,19.703125,0.00202498634017442
prefix64_trace_balanced,15720,short,True,long,16,257,    ,15.3828125,0.0015809667342598865
prefix64_trace_balanced,15720,short,True,long,17,16,1,15.0078125,0.00154242615363801
prefix64_trace_balanced,15720,short,True,long,18,17,2,10.0625,0.0010341722466870155
prefix64_trace_balanced,15720,short,True,long,19,20,5,9.734375,0.0010004492386428737
prefix64_trace_balanced,15720,short,True,long,20,4292,).\n,9.171875,0.0009426383677100592
prefix64_trace_balanced,14876,short,False,short,1,16141,Answer,1560.671875,0.6710244774154107
prefix64_trace_balanced,14876,short,False,short,2,25,:,685.5,0.2947367006714746
prefix64_trace_balanced,14876,short,False,short,3,220, ,16.7734375,0.007211885671289843
prefix64_trace_balanced,14876,short,False,short,4,3757, John,9.78125,0.004205533703053043
prefix64_trace_balanced,14876,short,False,short,5,279, the,8.984375,0.003862910350248402
prefix64_trace_balanced,14876,short,False,short,6,1124, \,7.3046875,0.0031407140673758746
prefix64_trace_balanced,14876,short,False,short,7,257,    ,4.703125,0.0020221495920430765
prefix64_trace_balanced,14876,short,False,short,8,23,8,4.46875,0.0019213780176887704
prefix64_trace_balanced,14876,short,False,short,9,256,  ,4.0078125,0.001723193921458635
prefix64_trace_balanced,14876,short,False,short,10,4231, age,3.9296875,0.0016896033966738663
prefix64_trace_balanced,14876,short,False,short,11,17767, \(,3.546875,0.0015250098252284996
prefix64_trace_balanced,14876,short,False,short,12,382,.\n\n,3.1328125,0.0013469800438692253
prefix64_trace_balanced,14876,short,False,short,13,1087,ors,2.8125,0.0012092588922516738
prefix64_trace_balanced,14876,short,False,short,14,700, out,2.59375,0.0011152054228543212
prefix64_trace_balanced,14876,short,False,short,15,1635, years,2.203125,0.0009472527989304776
prefix64_trace_balanced,14876,short,False,short,16,198,\n,2.03125,0.0008733536444039866
prefix64_trace_balanced,14876,short,False,short,17,624,.\n,1.8515625,0.0007960954373990185
prefix64_trace_balanced,14876,short,False,short,18,525, are,1.5078125,0.0006482971283460361
prefix64_trace_balanced,14876,short,False,long,1,16141,Answer,1256.28125,0.7440547662509225
prefix64_trace_balanced,14876,short,False,long,2,25,:,322.828125,0.19120066074861708
prefix64_trace_balanced,14876,short,False,long,3,220, ,16.90625,0.010013025261604165
prefix64_trace_balanced,14876,short,False,long,4,1124, \,15.2421875,0.009027454845374181
prefix64_trace_balanced,14876,short,False,long,5,432, it,8.40625,0.0049787500838660275
prefix64_trace_balanced,14876,short,False,long,6,3757, John,7.46875,0.004423499145144909
prefix64_trace_balanced,14876,short,False,long,7,23,8,7.40625,0.004386482415896834
prefix64_trace_balanced,14876,short,False,long,8,279, the,5.46875,0.0032389638092065235
prefix64_trace_balanced,14876,short,False,long,9,257,    ,5.03125,0.0029798467044700014
prefix64_trace_balanced,14876,short,False,long,10,18528, Tony,4.859375,0.0028780506990377965
prefix64_trace_balanced,14876,short,False,long,11,13,.,4.6875,0.0027762546936055915
prefix64_trace_balanced,14876,short,False,long,12,88882, Reggie,4.328125,0.0025634085004291626
prefix64_trace_balanced,14876,short,False,long,13,22216, cher,3.984375,0.0023598164895647527
prefix64_trace_balanced,14876,short,False,long,14,256,  ,3.921875,0.002322799760316678
prefix64_trace_balanced,14876,short,False,long,15,4231, age,3.921875,0.002322799760316678
prefix64_trace_balanced,14876,short,False,long,16,81512, racket,2.984375,0.00176754882159556
prefix64_trace_balanced,14876,short,False,long,17,5139, Pe,2.6875,0.0015917193576672057
prefix64_trace_balanced,14876,short,False,long,18,92,},2.671875,0.001582465175355187
prefix64_trace_balanced,14876,short,False,long,19,653, do,2.1875,0.0012955855236826094
prefix64_trace_balanced,14876,short,False,long,20,532,}\n,2.03125,0.001203043700562423
prefix64_trace_balanced,17215,short,False,short,1,25,:,1674.09375,0.7982863316320828
prefix64_trace_balanced,17215,short,False,short,2,13,.,205.21875,0.09785791454010356
prefix64_trace_balanced,17215,short,False,short,3,220, ,94.984375,0.04529300003725366
prefix64_trace_balanced,17215,short,False,short,4,19,4,14.828125,0.007070744700666841
prefix64_trace_balanced,17215,short,False,short,5,374, is,10.9453125,0.005219237790112879
prefix64_trace_balanced,17215,short,False,short,6,2310, old,10.734375,0.005118652907648177
prefix64_trace_balanced,17215,short,False,short,7,59881, frog,9.234375,0.004403382632343628
prefix64_trace_balanced,17215,short,False,short,8,23,8,8.90625,0.004246917259620757
prefix64_trace_balanced,17215,short,False,short,9,4420, minutes,8.609375,0.004105353350966732
prefix64_trace_balanced,17215,short,False,short,10,16,1,8.140625,0.003881831389934061
prefix64_trace_balanced,17215,short,False,short,11,3501, points,7.921875,0.0037775211414521476
prefix64_trace_balanced,17215,short,False,short,12,93610, prism,6.609375,0.0031516596505606676
prefix64_trace_balanced,17215,short,False,short,13,4935, ball,5.0,0.002384234251015162
prefix64_trace_balanced,17215,short,False,short,14,12021, salt,4.640625,0.0022128674142234475
prefix64_trace_balanced,17215,short,False,short,15,1124, \,4.34375,0.0020713035055694223
prefix64_trace_balanced,17215,short,False,short,16,419, this,3.796875,0.0018105278843646387
prefix64_trace_balanced,17215,short,False,short,17,23606, equation,2.34375,0.0011176098051633573
prefix64_trace_balanced,17215,short,False,short,18,8,),2.265625,0.0010803561449912453
prefix64_trace_balanced,17215,short,False,short,19,572, was,2.25,0.001072905412956823
prefix64_trace_balanced,17215,short,False,short,20,2003, week,2.1875,0.0010431024848191336
prefix64_trace_balanced,17215,short,False,long,1,25,:,1682.296875,0.78341018854539
prefix64_trace_balanced,17215,short,False,long,2,13,.,193.59375,0.09015252803623564
prefix64_trace_balanced,17215,short,False,long,3,220, ,104.328125,0.048583408369487116
prefix64_trace_balanced,17215,short,False,long,4,16,1,19.84375,0.009240816029541507
prefix64_trace_balanced,17215,short,False,long,5,374, is,19.4765625,0.009069824551829518
prefix64_trace_balanced,17215,short,False,long,6,2684, got,11.0625,0.005151573030642036
prefix64_trace_balanced,17215,short,False,long,7,2310, old,10.71875,0.0049914959025712385
prefix64_trace_balanced,17215,short,False,long,8,93610, prism,9.265625,0.004314806224817412
prefix64_trace_balanced,17215,short,False,long,9,4420, minutes,8.875,0.004132900397464233
prefix64_trace_balanced,17215,short,False,long,10,92,},7.765625,0.0036162878477812035
prefix64_trace_balanced,17215,short,False,long,11,6625, sales,7.625,0.003550801749934059
prefix64_trace_balanced,17215,short,False,long,12,3501, points,7.40625,0.003448934486616279
prefix64_trace_balanced,17215,short,False,long,13,59881, frog,6.78125,0.0031578851628511918
prefix64_trace_balanced,17215,short,False,long,14,23,8,6.75,0.0031433326966629374
prefix64_trace_balanced,17215,short,False,long,15,29661,shake,6.359375,0.0029614268693097584
prefix64_trace_balanced,17215,short,False,long,16,5461, average,5.109375,0.0023793282217795847
prefix64_trace_balanced,17215,short,False,long,17,1124, \,4.3359375,0.0020191546836202897
prefix64_trace_balanced,17215,short,False,long,18,4935, ball,4.21875,0.001964582935414336
prefix64_trace_balanced,17215,short,False,long,19,19,4,4.109375,0.0019136493037554458
prefix64_trace_balanced,17215,short,False,long,20,279, the,3.5859375,0.0016698954951021856
prefix64_trace_balanced,21823,short,True,short,1,15,0,14335.28125,0.3544256510841334
prefix64_trace_balanced,21823,short,True,short,2,20,5,5656.5625,0.13985291338184197
prefix64_trace_balanced,21823,short,True,short,3,17,2,4941.50390625,0.12217379685574321
prefix64_trace_balanced,21823,short,True,short,4,19,4,3192.7421875,0.07893739291292019
prefix64_trace_balanced,21823,short,True,short,5,23,8,2891.671875,0.0714937271997054
prefix64_trace_balanced,21823,short,True,short,6,21,6,2601.84375,0.0643280134537251
prefix64_trace_balanced,21823,short,True,short,7,18,3,1781.046875,0.04403462250056909
prefix64_trace_balanced,21823,short,True,short,8,22,7,1021.875,0.025264848724303807
prefix64_trace_balanced,21823,short,True,short,9,16,1,800.4375,0.019790025542028068
prefix64_trace_balanced,21823,short,True,short,10,90,{,666.421875,0.016476621757496663
prefix64_trace_balanced,21823,short,True,short,11,1124, \,585.37109375,0.014472721351607596
prefix64_trace_balanced,21823,short,True,short,12,24,9,559.734375,0.013838878835638155
prefix64_trace_balanced,21823,short,True,short,13,57758,\),398.421875,0.009850586813777108
prefix64_trace_balanced,21823,short,True,short,14,8,),305.05078125,0.007542078866311381
prefix64_trace_balanced,21823,short,True,short,15,198,\n,72.671875,0.0017967402357299239
prefix64_trace_balanced,21823,short,True,short,16,803, more,44.5,0.0011002184887892545
prefix64_trace_balanced,21823,short,True,short,17,3040, four,42.890625,0.001060428283611834
prefix64_trace_balanced,21823,short,True,short,18,825, one,38.234375,0.000945307107467453
prefix64_trace_balanced,21823,short,True,short,19,59,\,38.125,0.0009426029187660748
prefix64_trace_balanced,21823,short,True,short,20,320, (,31.609375,0.0007815105346982661
prefix64_trace_balanced,21823,short,True,long,1,15,0,17050.0078125,0.3475061224359811
prefix64_trace_balanced,21823,short,True,long,2,20,5,6482.8203125,0.1321301300281202
prefix64_trace_balanced,21823,short,True,long,3,17,2,5685.48046875,0.11587908308360588
prefix64_trace_balanced,21823,short,True,long,4,19,4,3738.1640625,0.07618969519981911
prefix64_trace_balanced,21823,short,True,long,5,23,8,3245.390625,0.06614619326197657
prefix64_trace_balanced,21823,short,True,long,6,21,6,2908.8203125,0.059286358034323854
prefix64_trace_balanced,21823,short,True,long,7,90,{,2562.96875,0.052237356254120106
prefix64_trace_balanced,21823,short,True,long,8,18,3,2028.7734375,0.04134961099841088
prefix64_trace_balanced,21823,short,True,long,9,1124, \,1150.734375,0.023453786356442012
prefix64_trace_balanced,21823,short,True,long,10,22,7,1129.15625,0.023013990044871327
prefix64_trace_balanced,21823,short,True,long,11,16,1,997.953125,0.02033986287017251
prefix64_trace_balanced,21823,short,True,long,12,24,9,664.703125,0.013547700862077202
prefix64_trace_balanced,21823,short,True,long,13,8,),221.6328125,0.004517227213232742
prefix64_trace_balanced,21823,short,True,long,14,198,\n,173.1875,0.003529835132114048
prefix64_trace_balanced,21823,short,True,long,15,57758,\),131.875,0.0026878210497151356
prefix64_trace_balanced,21823,short,True,long,16,3040, four,71.265625,0.0014525061383590917
prefix64_trace_balanced,21823,short,True,long,17,532,}\n,69.9140625,0.0014249591572216083
prefix64_trace_balanced,21823,short,True,long,18,825, one,44.84375,0.0009139865417870189
prefix64_trace_balanced,21823,short,True,long,19,320, (,43.75,0.0008916941871092867
prefix64_trace_balanced,21823,short,True,long,20,59,\,35.015625,0.0007136738118971112
prefix64_trace_balanced,23849,short,True,short,1,284, =,5315.1953125,0.9691303332117787
prefix64_trace_balanced,23849,short,True,short,2,220, ,24.4140625,0.004451465493663962
prefix64_trace_balanced,23849,short,True,short,3,504, from,24.125,0.00439876014221898
prefix64_trace_balanced,23849,short,True,short,4,3417,}},22.09375,0.0040283982131461395
prefix64_trace_balanced,23849,short,True,short,5,92,},12.3125,0.0022449630777646094
prefix64_trace_balanced,23849,short,True,short,6,28,=,8.84375,0.0016124988604248336
prefix64_trace_balanced,23849,short,True,short,7,30191, cents,7.859375,0.0014330157717203026
prefix64_trace_balanced,23849,short,True,short,8,11,",",7.4609375,0.0013603678548637069
prefix64_trace_balanced,23849,short,True,short,9,16,1,7.25,0.00132190719299845
prefix64_trace_balanced,23849,short,True,short,10,8,),5.9296875,0.0010811719391011032
prefix64_trace_balanced,23849,short,True,short,11,1124, \,5.8984375,0.0010754740632692133
prefix64_trace_balanced,23849,short,True,short,12,315, of,5.71875,0.0010427112772358465
prefix64_trace_balanced,23849,short,True,short,13,1753, much,5.203125,0.0009486963260096636
prefix64_trace_balanced,23849,short,True,short,14,501, new,5.1875,0.0009458473880937187
prefix64_trace_balanced,23849,short,True,short,15,400, $,3.890625,0.000709385541070289
prefix64_trace_balanced,23849,short,True,short,16,256,  ,3.7734375,0.000688018506700702
prefix64_trace_balanced,23849,short,True,short,17,198,\n,2.71875,0.0004957151973744188
prefix64_trace_balanced,23849,short,True,short,18,34254, slices,2.609375,0.00047577263196280426
prefix64_trace_balanced,23849,short,True,short,19,279, the,2.4375,0.00044443431488741
prefix64_trace_balanced,23849,short,True,short,20,1657, many,2.359375,0.0004301896253076853
prefix64_trace_balanced,23849,short,True,long,1,284, =,5436.65625,0.9605810761005951
prefix64_trace_balanced,23849,short,True,long,2,3417,}},54.96875,0.009712208864944253
prefix64_trace_balanced,23849,short,True,long,3,504, from,40.921875,0.007230322631406765
prefix64_trace_balanced,23849,short,True,long,4,92,},37.296875,0.006589835861461607
prefix64_trace_balanced,23849,short,True,long,5,220, ,17.1796875,0.0030354103601495756
prefix64_trace_balanced,23849,short,True,long,6,1124, \,13.5078125,0.002386641433696506
prefix64_trace_balanced,23849,short,True,long,7,30191, cents,10.5625,0.0018662459331160648
prefix64_trace_balanced,23849,short,True,long,8,315, of,5.375,0.0009496872795738554
prefix64_trace_balanced,23849,short,True,long,9,29723, mush,4.890625,0.0008641049956587696
prefix64_trace_balanced,23849,short,True,long,10,256,  ,4.2265625,0.000746774445130023
prefix64_trace_balanced,23849,short,True,long,11,31473, quarters,4.109375,0.0007260690538602441
prefix64_trace_balanced,23849,short,True,long,12,16819, equals,3.484375,0.0006156403004214237
prefix64_trace_balanced,23849,short,True,long,13,11,",",3.296875,0.0005825116743897776
prefix64_trace_balanced,23849,short,True,long,14,13188, losing,2.734375,0.00048312579629483925
prefix64_trace_balanced,23849,short,True,long,15,1119, into,2.71875,0.00048036507745886876
prefix64_trace_balanced,23849,short,True,long,16,49702, dividing,2.65625,0.0004693222021149867
prefix64_trace_balanced,23849,short,True,long,17,624,.\n,2.25,0.00039754351237975347
prefix64_trace_balanced,23849,short,True,long,18,374, is,2.21875,0.00039202207470781243
prefix64_trace_balanced,23849,short,True,long,19,1753, much,2.03125,0.0003588934486761663
prefix64_trace_balanced,23849,short,True,long,20,678, all,2.015625,0.00035613272984019576
prefix64_trace_balanced,3270,short,True,short,1,284, =,6564.328125,0.8777760424474564
prefix64_trace_balanced,3270,short,True,short,2,92,},317.5859375,0.04246730541912319
prefix64_trace_balanced,3270,short,True,short,3,220, ,71.30078125,0.009534276227094728
prefix64_trace_balanced,3270,short,True,short,4,3417,}},62.921875,0.00841385643269829
prefix64_trace_balanced,3270,short,True,short,5,198,\n,62.0,0.008290584138303157
prefix64_trace_balanced,3270,short,True,short,6,374, is,48.71875,0.006514627354644467
prefix64_trace_balanced,3270,short,True,short,7,6144, equal,33.203125,0.004439891959146726
prefix64_trace_balanced,3270,short,True,short,8,25,:,28.921875,0.0038674070665320423
prefix64_trace_balanced,3270,short,True,short,9,8,),25.5625,0.003418194468312491
prefix64_trace_balanced,3270,short,True,short,10,1124, \,20.3984375,0.002727660683607553
prefix64_trace_balanced,3270,short,True,short,11,20,5,18.1875,0.00243201611315143
prefix64_trace_balanced,3270,short,True,short,12,256,  ,14.5234375,0.0019420609769538267
prefix64_trace_balanced,3270,short,True,short,13,11,",",13.2109375,0.001766554659509909
prefix64_trace_balanced,3270,short,True,short,14,17,2,12.71875,0.00170073979046844
prefix64_trace_balanced,3270,short,True,short,15,28,=,10.1875,0.001362263321112313
prefix64_trace_balanced,3270,short,True,short,16,21,6,9.34375,0.0012494378313269374
prefix64_trace_balanced,3270,short,True,short,17,806, his,8.53125,0.0011407910633854646
prefix64_trace_balanced,3270,short,True,short,18,856, x,7.40625,0.000990357077004964
prefix64_trace_balanced,3270,short,True,short,19,15,0,6.578125,0.0008796209481415396
prefix64_trace_balanced,3270,short,True,short,20,60677, pies,6.078125,0.0008127613986390948
prefix64_trace_balanced,3270,short,True,long,1,284, =,6947.3515625,0.843814020661208
prefix64_trace_balanced,3270,short,True,long,2,92,},594.7734375,0.07224021429811768
prefix64_trace_balanced,3270,short,True,long,3,3417,}},115.3125,0.014005668690023997
prefix64_trace_balanced,3270,short,True,long,4,198,\n,67.2109375,0.008163331147715207
prefix64_trace_balanced,3270,short,True,long,5,374, is,66.4609375,0.00807223736761749
prefix64_trace_balanced,3270,short,True,long,6,220, ,65.875,0.008001070351916148
prefix64_trace_balanced,3270,short,True,long,7,1124, \,41.203125,0.00500446454411833
prefix64_trace_balanced,3270,short,True,long,8,6144, equal,29.125,0.0035374751271280125
prefix64_trace_balanced,3270,short,True,long,9,8,),20.71875,0.0025164656751994335
prefix64_trace_balanced,3270,short,True,long,10,256,  ,16.84375,0.0020458144780278954
prefix64_trace_balanced,3270,short,True,long,11,293, b,16.0703125,0.001951874017302125
prefix64_trace_balanced,3270,short,True,long,12,20,5,13.390625,0.0016264035321613233
prefix64_trace_balanced,3270,short,True,long,13,11,",",12.1640625,0.0014774272459598485
prefix64_trace_balanced,3270,short,True,long,14,17,2,11.484375,0.0013948735077462925
prefix64_trace_balanced,3270,short,True,long,15,340,)\n,11.0703125,0.001344582149984011
prefix64_trace_balanced,3270,short,True,long,16,13578, equivalent,10.921875,0.0013265531726730046
prefix64_trace_balanced,3270,short,True,long,17,806, his,10.890625,0.0013227575985022663
prefix64_trace_balanced,3270,short,True,long,18,16,1,10.421875,0.0012658239859411932
prefix64_trace_balanced,3270,short,True,long,19,25,:,10.1015625,0.0012269193506911267
prefix64_trace_balanced,3270,short,True,long,20,15,0,7.78125,0.0009450979685138145
prefix64_trace_balanced,17623,short,True,short,1,284, =,7070.0390625,0.8782627388202777
prefix64_trace_balanced,17623,short,True,short,2,1477, find,190.328125,0.023643165031951074
prefix64_trace_balanced,17623,short,True,short,3,633, get,136.6875,0.01697975598879468
prefix64_trace_balanced,17623,short,True,short,4,8,),86.9453125,0.010800623250988569
prefix64_trace_balanced,17623,short,True,short,5,1124, \,57.59375,0.007154478803691952
prefix64_trace_balanced,17623,short,True,short,6,2661, given,49.3203125,0.006126726083519708
prefix64_trace_balanced,17623,short,True,short,7,92,},48.1484375,0.005981152043835255
prefix64_trace_balanced,17623,short,True,short,8,6696, gives,38.90625,0.004833058117523863
prefix64_trace_balanced,17623,short,True,short,9,10657, Total,23.4375,0.0029114807936890742
prefix64_trace_balanced,17623,short,True,short,10,15,0,20.8515625,0.0025902474127853796
prefix64_trace_balanced,17623,short,True,short,11,198,\n,20.1484375,0.0025029029889747077
prefix64_trace_balanced,17623,short,True,short,12,17,2,16.25,0.002018626683624425
prefix64_trace_balanced,17623,short,True,short,13,220, ,16.1171875,0.002002128292460187
prefix64_trace_balanced,17623,short,True,short,14,3417,}},14.78125,0.0018361738872199095
prefix64_trace_balanced,17623,short,True,short,15,594,'s,14.421875,0.001791531181716677
prefix64_trace_balanced,17623,short,True,short,16,311, to,12.2890625,0.0015265864294909713
prefix64_trace_balanced,17623,short,True,short,17,28,=,11.84375,0.0014712682944108789
prefix64_trace_balanced,17623,short,True,short,18,1281, make,11.796875,0.0014654453328235006
prefix64_trace_balanced,17623,short,True,short,19,2790, total,10.421875,0.0012946384595937416
prefix64_trace_balanced,17623,short,True,short,20,304, in,10.0546875,0.001249025260492613
prefix64_trace_balanced,17623,short,True,long,1,284, =,6659.8515625,0.8164379219004289
prefix64_trace_balanced,17623,short,True,long,2,1477, find,281.015625,0.03444998897399227
prefix64_trace_balanced,17623,short,True,long,3,633, get,277.671875,0.0340400752881188
prefix64_trace_balanced,17623,short,True,long,4,92,},193.65625,0.023740515059419525
prefix64_trace_balanced,17623,short,True,long,5,1124, \,137.7890625,0.016891700181659763
prefix64_trace_balanced,17623,short,True,long,6,2661, given,70.9375,0.008696299690960517
prefix64_trace_balanced,17623,short,True,long,7,6696, gives,34.8125,0.004267699495916307
prefix64_trace_balanced,17623,short,True,long,8,8,),32.515625,0.003986123272442475
prefix64_trace_balanced,17623,short,True,long,9,2790, total,25.90625,0.0031758733232626736
prefix64_trace_balanced,17623,short,True,long,10,9139,)},25.78125,0.003160549447155254
prefix64_trace_balanced,17623,short,True,long,11,11,",",18.03125,0.0022104691284952505
prefix64_trace_balanced,17623,short,True,long,12,257,    ,17.828125,0.0021855678298206937
prefix64_trace_balanced,17623,short,True,long,13,3417,}},17.25,0.002114694902823879
prefix64_trace_balanced,17623,short,True,long,14,1281, make,16.671875,0.0020438219758270645
prefix64_trace_balanced,17623,short,True,long,15,198,\n,15.3125,0.0018771748231588782
prefix64_trace_balanced,17623,short,True,long,16,1318,text,15.28125,0.0018733438541320233
prefix64_trace_balanced,17623,short,True,long,17,304, in,14.859375,0.0018216257722694828
prefix64_trace_balanced,17623,short,True,long,18,15,0,13.3828125,0.001640612485750591
prefix64_trace_balanced,17623,short,True,long,19,601, us,13.375,0.0016396547434938773
prefix64_trace_balanced,17623,short,True,long,20,374, is,12.734375,0.0015611198784433527
prefix64_trace_balanced,1557,short,True,short,1,15,0,9695.578125,0.32291289110483923
prefix64_trace_balanced,1557,short,True,short,2,20,5,8928.109375,0.2973522128554319
prefix64_trace_balanced,1557,short,True,short,3,19,4,3297.078125,0.10980975201437743
prefix64_trace_balanced,1557,short,True,short,4,17,2,2069.4453125,0.06892323079937356
prefix64_trace_balanced,1557,short,True,short,5,23,8,1544.875,0.051452326639427545
prefix64_trace_balanced,1557,short,True,short,6,21,6,1373.2109375,0.045735025617661317
prefix64_trace_balanced,1557,short,True,short,7,22,7,852.8828125,0.028405408239439205
prefix64_trace_balanced,1557,short,True,short,8,18,3,708.53125,0.023597754711055522
prefix64_trace_balanced,1557,short,True,short,9,16,1,370.265625,0.0123317600976466
prefix64_trace_balanced,1557,short,True,short,10,24,9,255.984375,0.008525603480598568
prefix64_trace_balanced,1557,short,True,short,11,17702, fifth,96.09375,0.003200418812530134
prefix64_trace_balanced,1557,short,True,short,12,1124, \,95.7890625,0.0031902711431245506
prefix64_trace_balanced,1557,short,True,short,13,3040, four,77.65625,0.0025863547151666285
prefix64_trace_balanced,1557,short,True,short,14,6303, blue,63.40625,0.0021117560229670382
prefix64_trace_balanced,1557,short,True,short,15,90,{,46.546875,0.001550251649191426
prefix64_trace_balanced,1557,short,True,short,16,57610,ifth,31.71875,0.0010563984047863694
prefix64_trace_balanced,1557,short,True,short,17,4236, five,26.625,0.0008867501880571298
prefix64_trace_balanced,1557,short,True,short,18,22360, wooden,24.234375,0.0008071300127210143
prefix64_trace_balanced,1557,short,True,short,19,220, ,24.2265625,0.0008068698160695891
prefix64_trace_balanced,1557,short,True,short,20,339,th,20.09375,0.0006692257874656508
prefix64_trace_balanced,1557,short,True,long,1,15,0,11506.625,0.3245551532414297
prefix64_trace_balanced,1557,short,True,long,2,20,5,10722.9453125,0.3024507324343939
prefix64_trace_balanced,1557,short,True,long,3,19,4,3844.796875,0.10844610291443366
prefix64_trace_balanced,1557,short,True,long,4,17,2,2272.203125,0.06408962084277801
prefix64_trace_balanced,1557,short,True,long,5,23,8,1690.359375,0.04767817200840493
prefix64_trace_balanced,1557,short,True,long,6,21,6,1516.9609375,0.042787306402318266
prefix64_trace_balanced,1557,short,True,long,7,22,7,977.40625,0.027568660249889188
prefix64_trace_balanced,1557,short,True,long,8,18,3,819.4375,0.023113003455337604
prefix64_trace_balanced,1557,short,True,long,9,16,1,443.9140625,0.012521012597587313
prefix64_trace_balanced,1557,short,True,long,10,24,9,317.2421875,0.00894811352405322
prefix64_trace_balanced,1557,short,True,long,11,1124, \,187.1171875,0.005277815820292035
prefix64_trace_balanced,1557,short,True,long,12,90,{,168.765625,0.004760192783180182
prefix64_trace_balanced,1557,short,True,long,13,3040, four,108.421875,0.0030581407020171545
prefix64_trace_balanced,1557,short,True,long,14,17702, fifth,100.65625,0.0028391039634521557
prefix64_trace_balanced,1557,short,True,long,15,6303, blue,52.953125,0.001493592569410021
prefix64_trace_balanced,1557,short,True,long,16,220, ,43.1796875,0.0012179235956224824
prefix64_trace_balanced,1557,short,True,long,17,22360, wooden,30.1875,0.0008514667583653469
prefix64_trace_balanced,1557,short,True,long,18,8,),29.25,0.0008250236913353671
prefix64_trace_balanced,1557,short,True,long,19,1378, two,26.5,0.00074745736138076
prefix64_trace_balanced,1557,short,True,long,20,339,th,25.328125,0.0007144035275932853
prefix64_trace_balanced,17085,short,False,short,1,25,:,986.03125,0.8584915927518093
prefix64_trace_balanced,17085,short,False,short,2,13,.,111.6484375,0.0972071067094738
prefix64_trace_balanced,17085,short,False,short,3,256,  ,9.7578125,0.008495673940251402
prefix64_trace_balanced,17085,short,False,short,4,220, ,7.3359375,0.00638705991184633
prefix64_trace_balanced,17085,short,False,short,5,3085, With,4.609375,0.004013168634706426
prefix64_trace_balanced,17085,short,False,short,6,279, the,3.96875,0.003455406214289601
prefix64_trace_balanced,17085,short,False,short,7,488, +,3.7578125,0.003271752734396256
prefix64_trace_balanced,17085,short,False,short,8,15,0,3.4140625,0.002972465581977472
prefix64_trace_balanced,17085,short,False,short,9,481, -,3.1640625,0.002754802198400174
prefix64_trace_balanced,17085,short,False,short,10,400, $,2.3125,0.002013386298090004
prefix64_trace_balanced,17085,short,False,short,11,323, and,2.203125,0.0019181585677749361
prefix64_trace_balanced,17085,short,False,short,12,31135, Distance,1.8203125,0.0015848615116721989
prefix64_trace_balanced,17085,short,False,short,13,17,2,1.796875,0.0015644555694618273
prefix64_trace_balanced,17085,short,False,short,14,1414, know,1.7578125,0.0015304456657778745
prefix64_trace_balanced,17085,short,False,short,15,1372, number,1.7421875,0.0015168417043042934
prefix64_trace_balanced,17085,short,False,short,16,382,.\n\n,1.65625,0.0014420199161995974
prefix64_trace_balanced,17085,short,False,short,17,16,1,1.5859375,0.0013808020895684824
prefix64_trace_balanced,17085,short,False,long,1,25,:,615.984375,0.8394838270053875
prefix64_trace_balanced,17085,short,False,long,2,13,.,65.9140625,0.08982985881902004
prefix64_trace_balanced,17085,short,False,long,3,88,y,8.234375,0.011222077894423033
prefix64_trace_balanced,17085,short,False,long,4,15,0,6.3359375,0.008634824641723984
prefix64_trace_balanced,17085,short,False,long,5,1124, \,5.921875,0.008070526607184686
prefix64_trace_balanced,17085,short,False,long,6,3085, With,4.375,0.005962394327207683
prefix64_trace_balanced,17085,short,False,long,7,220, ,4.234375,0.005770745938118865
prefix64_trace_balanced,17085,short,False,long,8,256,  ,3.4453125,0.004695385532676051
prefix64_trace_balanced,17085,short,False,long,9,16,1,3.2890625,0.0044824428781329185
prefix64_trace_balanced,17085,short,False,long,10,23,8,3.078125,0.004194970294499691
prefix64_trace_balanced,17085,short,False,long,11,686, will,2.390625,0.0032580226145099123
prefix64_trace_balanced,17085,short,False,long,12,1372, number,2.140625,0.002917314367240902
prefix64_trace_balanced,17085,short,False,long,13,15170,}{,1.875,0.0025553118545175784
prefix64_trace_balanced,17085,short,False,long,14,5301, His,1.796875,0.0024488405272460128
prefix64_trace_balanced,17085,short,False,long,15,279, the,1.6015625,0.0021826622090670984
prefix64_trace_balanced,17085,short,False,long,16,1414, know,1.578125,0.0021507208108856287
prefix64_trace_balanced,17085,short,False,long,17,481, -,1.5703125,0.002140073678158472
prefix64_trace_balanced,5447,long,True,short,1,1124, \,826.109375,0.32539704520206914
prefix64_trace_balanced,5447,long,True,short,2,198,\n,231.9140625,0.09134886125497364
prefix64_trace_balanced,5447,long,True,short,3,284, =,204.265625,0.08045839064755064
prefix64_trace_balanced,5447,long,True,short,4,92,},151.375,0.059625249643805604
prefix64_trace_balanced,5447,long,True,short,5,2533,]\n\n,150.21875,0.059169813178731115
prefix64_trace_balanced,5447,long,True,short,6,921,]\n,129.140625,0.050867329511359756
prefix64_trace_balanced,5447,long,True,short,7,382,.\n\n,106.390625,0.04190630933367799
prefix64_trace_balanced,5447,long,True,short,8,256,  ,76.5234375,0.030141893077058002
prefix64_trace_balanced,5447,long,True,short,9,3417,}},70.875,0.02791702439970089
prefix64_trace_balanced,5447,long,True,short,10,59,\,54.4609375,0.021451672959690797
prefix64_trace_balanced,5447,long,True,short,11,90,{,29.5,0.01161978440622471
prefix64_trace_balanced,5447,long,True,short,12,481, -,22.9453125,0.009037952012998403
prefix64_trace_balanced,5447,long,True,short,13,624,.\n,22.5390625,0.0088779337955398
prefix64_trace_balanced,5447,long,True,short,14,78045,\[,22.09375,0.00870252921101787
prefix64_trace_balanced,5447,long,True,short,15,220, ,20.75,0.008173238184039413
prefix64_trace_balanced,5447,long,True,short,16,4292,).\n,19.546875,0.007699338078488936
prefix64_trace_balanced,5447,long,True,short,17,532,}\n,19.1875,0.007557783501506325
prefix64_trace_balanced,5447,long,True,short,18,11035,}\,18.953125,0.007465465299126362
prefix64_trace_balanced,5447,long,True,short,19,24768, ×,14.75,0.005809892203112355
prefix64_trace_balanced,5447,long,True,short,20,510,:\n,13.7890625,0.005431387573354505
prefix64_trace_balanced,5447,long,True,long,1,1124, \,2444.6953125,0.36679040665406215
prefix64_trace_balanced,5447,long,True,long,2,921,]\n,517.125,0.07758696475227192
prefix64_trace_balanced,5447,long,True,long,3,92,},494.484375,0.07419007352898083
prefix64_trace_balanced,5447,long,True,long,4,256,  ,420.953125,0.06315779602945848
prefix64_trace_balanced,5447,long,True,long,5,284, =,376.0,0.05641324389046022
prefix64_trace_balanced,5447,long,True,long,6,2533,]\n\n,328.7421875,0.04932290744819389
prefix64_trace_balanced,5447,long,True,long,7,382,.\n\n,265.1484375,0.03978160497835625
prefix64_trace_balanced,5447,long,True,long,8,257,    ,201.6015625,0.03024733540960202
prefix64_trace_balanced,5447,long,True,long,9,532,}\n,192.6484375,0.0289040513026691
prefix64_trace_balanced,5447,long,True,long,10,198,\n,184.2265625,0.02764047340801493
prefix64_trace_balanced,5447,long,True,long,11,78045,\[,112.203125,0.016834420893342538
prefix64_trace_balanced,5447,long,True,long,12,3417,}},112.1875,0.016832076592981398
prefix64_trace_balanced,5447,long,True,long,13,59,\,87.7890625,0.013171451579062115
prefix64_trace_balanced,5447,long,True,long,14,279, the,80.6796875,0.012104794914743656
prefix64_trace_balanced,5447,long,True,long,15,220, ,73.7734375,0.01106861415512001
prefix64_trace_balanced,5447,long,True,long,16,10607,uting,72.015625,0.01080488036449182
prefix64_trace_balanced,5447,long,True,long,17,90,{,56.8359375,0.008527392563644825
prefix64_trace_balanced,5447,long,True,long,18,15136,times,56.2421875,0.008438309149921525
prefix64_trace_balanced,5447,long,True,long,19,481, -,36.65625,0.005499728647233198
prefix64_trace_balanced,5447,long,True,long,20,11035,}\,31.703125,0.004756585432751986
prefix64_trace_balanced,20387,long,True,short,1,47866,Calculate,2138.4140625,0.0627247621843361
prefix64_trace_balanced,20387,long,True,short,2,1372, number,1792.8359375,0.05258813519199758
prefix64_trace_balanced,20387,long,True,short,3,279, the,1558.953125,0.04572779693930421
prefix64_trace_balanced,20387,long,True,short,4,2790, total,1320.8515625,0.03874371273155675
prefix64_trace_balanced,20387,long,True,short,5,20517, Calculate,1275.828125,0.03742306840011834
prefix64_trace_balanced,20387,long,True,short,6,481, -,1246.64453125,0.03656704429807284
prefix64_trace_balanced,20387,long,True,short,7,315, of,1202.03125,0.03525843082337579
prefix64_trace_balanced,20387,long,True,short,8,284, =,1159.8828125,0.03402211706871498
prefix64_trace_balanced,20387,long,True,short,9,10657, Total,1020.6953125,0.02993941718863398
prefix64_trace_balanced,20387,long,True,short,10,24308,etermine,983.03125,0.02883464080101215
prefix64_trace_balanced,20387,long,True,short,11,15277, Therefore,685.9375,0.020120175655091607
prefix64_trace_balanced,20387,long,True,short,12,1318,text,569.9296875,0.016717391050280046
prefix64_trace_balanced,20387,long,True,short,13,2783, cost,505.375,0.014823848778776377
prefix64_trace_balanced,20387,long,True,short,14,9640,[\n,417.390625,0.012243058138370436
prefix64_trace_balanced,20387,long,True,short,15,256,  ,408.578125,0.011984566587812995
prefix64_trace_balanced,20387,long,True,short,16,1019,**\n,337.2734375,0.009893030788222776
prefix64_trace_balanced,20387,long,True,short,17,5624, Number,327.9296875,0.00961895641369556
prefix64_trace_balanced,20387,long,True,short,18,576, The,326.828125,0.009586644969875881
prefix64_trace_balanced,20387,long,True,short,19,12,-,318.1640625,0.009332507443662935
prefix64_trace_balanced,20387,long,True,short,20,369, for,317.7265625,0.009319674529805474
prefix64_trace_balanced,20387,long,True,long,1,1372, number,2879.515625,0.05111327431750657
prefix64_trace_balanced,20387,long,True,long,2,1318,text,2878.1328125,0.051088728496664855
prefix64_trace_balanced,20387,long,True,long,3,279, the,2374.109375,0.04214198481528958
prefix64_trace_balanced,20387,long,True,long,4,47866,Calculate,2356.09375,0.041822195759577706
prefix64_trace_balanced,20387,long,True,long,5,315, of,2047.1328125,0.036337938263377625
prefix64_trace_balanced,20387,long,True,long,6,2790, total,1973.34375,0.035028134433716475
prefix64_trace_balanced,20387,long,True,long,7,9640,[\n,1842.8671875,0.032712090626498797
prefix64_trace_balanced,20387,long,True,long,8,20517, Calculate,1781.28125,0.03161890019884195
prefix64_trace_balanced,20387,long,True,long,9,24308,etermine,1474.171875,0.02616750914071807
prefix64_trace_balanced,20387,long,True,long,10,11,",",1315.078125,0.02334349165133535
prefix64_trace_balanced,20387,long,True,long,11,15277, Therefore,1172.015625,0.02080403927137187
prefix64_trace_balanced,20387,long,True,long,12,481, -,1091.6875,0.019378162831289708
prefix64_trace_balanced,20387,long,True,long,13,78045,\[,897.484375,0.01593093111104439
prefix64_trace_balanced,20387,long,True,long,14,284, =,804.796875,0.01428566772987976
prefix64_trace_balanced,20387,long,True,long,15,92,},716.375,0.0127161219655489
prefix64_trace_balanced,20387,long,True,long,16,256,  ,710.34375,0.012609063357131916
prefix64_trace_balanced,20387,long,True,long,17,257,    ,636.2578125,0.011293989803222257
prefix64_trace_balanced,20387,long,True,long,18,2783, cost,625.84375,0.01110913342366288
prefix64_trace_balanced,20387,long,True,long,19,10657, Total,609.0234375,0.010810561941898932
prefix64_trace_balanced,20387,long,True,long,20,1477, find,527.4921875,0.009363329250914938
prefix64_trace_balanced,27659,long,True,short,1,279, the,4372.34375,0.07524957194293236
prefix64_trace_balanced,27659,long,True,short,2,315, of,3341.8046875,0.057513632648681805
prefix64_trace_balanced,27659,long,True,short,3,220, ,2918.4765625,0.050228006902157604
prefix64_trace_balanced,27659,long,True,short,4,481, -,2595.5625,0.044670542446743206
prefix64_trace_balanced,27659,long,True,short,5,15,0,2307.1875,0.03970750739053494
prefix64_trace_balanced,27659,long,True,short,6,17,2,1741.1015625,0.029964969540031177
prefix64_trace_balanced,27659,long,True,short,7,256,  ,1315.1171875,0.0226336287978657
prefix64_trace_balanced,27659,long,True,short,8,10657, Total,1301.109375,0.02239254942379273
prefix64_trace_balanced,27659,long,True,short,9,2790, total,1119.3203125,0.019263895795625464
prefix64_trace_balanced,27659,long,True,short,10,90,{,1086.640625,0.018701466893368227
prefix64_trace_balanced,27659,long,True,short,11,16,1,1005.671875,0.017307966261526482
prefix64_trace_balanced,27659,long,True,short,12,1372, number,966.21875,0.016628964120383987
prefix64_trace_balanced,27659,long,True,short,13,284, =,821.359375,0.014135883387500001
prefix64_trace_balanced,27659,long,True,short,14,1318,text,767.125,0.013202490741200754
prefix64_trace_balanced,27659,long,True,short,15,20,5,709.203125,0.012205634924481852
prefix64_trace_balanced,27659,long,True,short,16,400, $,681.8203125,0.011734367101768102
prefix64_trace_balanced,27659,long,True,short,17,18,3,674.5234375,0.011608785319624124
prefix64_trace_balanced,27659,long,True,short,18,504, from,654.4765625,0.011263771558402016
prefix64_trace_balanced,27659,long,True,short,19,21,6,642.96875,0.01106571806257966
prefix64_trace_balanced,27659,long,True,short,20,488, +,621.046875,0.010688434892669593
prefix64_trace_balanced,27659,long,True,long,1,279, the,8499.9140625,0.0894970122461201
prefix64_trace_balanced,27659,long,True,long,2,315, of,5550.1875,0.05843884949934018
prefix64_trace_balanced,27659,long,True,long,3,90,{,4807.703125,0.05062110773003299
prefix64_trace_balanced,27659,long,True,long,4,220, ,4189.890625,0.044116056917549426
prefix64_trace_balanced,27659,long,True,long,5,1318,text,4172.7109375,0.043935169123712155
prefix64_trace_balanced,27659,long,True,long,6,15,0,3162.296875,0.03329635100622434
prefix64_trace_balanced,27659,long,True,long,7,481, -,2847.33984375,0.02998011591543187
prefix64_trace_balanced,27659,long,True,long,8,17,2,2296.484375,0.02418006684786979
prefix64_trace_balanced,27659,long,True,long,9,2790, total,2209.234375,0.023261397051792188
prefix64_trace_balanced,27659,long,True,long,10,256,  ,1924.1484375,0.02025967968711923
prefix64_trace_balanced,27659,long,True,long,11,1372, number,1838.015625,0.01935277294448353
prefix64_trace_balanced,27659,long,True,long,12,1124, \,1520.0,0.016004333410177058
prefix64_trace_balanced,27659,long,True,long,13,16,1,1407.5625,0.014820460227409436
prefix64_trace_balanced,27659,long,True,long,14,18,3,1069.25,0.011258311512389353
prefix64_trace_balanced,27659,long,True,long,15,504, from,1066.8046875,0.011232564409401147
prefix64_trace_balanced,27659,long,True,long,16,17767, \(,1025.1875,0.01079437010391177
prefix64_trace_balanced,27659,long,True,long,17,20,5,986.953125,0.010391793995207996
prefix64_trace_balanced,27659,long,True,long,18,2783, cost,913.4140625,0.009617488945917305
prefix64_trace_balanced,27659,long,True,long,19,13,.,862.50390625,0.009081447423161247
prefix64_trace_balanced,27659,long,True,long,20,311, to,831.546875,0.008755495680059754
prefix64_trace_balanced,4321,long,True,short,1,1318,text,2746.96875,0.6569019052494312
prefix64_trace_balanced,4321,long,True,short,2,9640,[\n,1156.1875,0.27648722672057213
prefix64_trace_balanced,4321,long,True,short,3,15170,}{,31.71875,0.007585127172316902
prefix64_trace_balanced,4321,long,True,short,4,256,  ,26.9453125,0.006443621580620934
prefix64_trace_balanced,4321,long,True,short,5,510,:\n,23.4375,0.005604773772647956
prefix64_trace_balanced,4321,long,True,short,6,1019,**\n,19.2109375,0.004594046235647109
prefix64_trace_balanced,4321,long,True,short,7,1590, final,12.40625,0.002966793583654985
prefix64_trace_balanced,4321,long,True,short,8,3501, points,11.703125,0.0027986503704755463
prefix64_trace_balanced,4321,long,True,short,9,7411, cards,11.40625,0.002727656569355339
prefix64_trace_balanced,4321,long,True,short,10,2790, total,11.0,0.002630507157296108
prefix64_trace_balanced,4321,long,True,short,11,3417,}},10.625,0.0025408307769337404
prefix64_trace_balanced,4321,long,True,short,12,4120, Time,10.515625,0.0025146751659947167
prefix64_trace_balanced,4321,long,True,short,13,198,\n,9.6328125,0.00230356202055831
prefix64_trace_balanced,4321,long,True,short,14,624,.\n,8.28125,0.001980353399668945
prefix64_trace_balanced,4321,long,True,short,15,3886, border,7.59375,0.001815946702337938
prefix64_trace_balanced,4321,long,True,short,16,315, of,7.28125,0.0017412163853692986
prefix64_trace_balanced,4321,long,True,short,17,892, which,6.953125,0.001662749552552227
prefix64_trace_balanced,4321,long,True,short,18,10657, Total,6.78125,0.0016216478782194754
prefix64_trace_balanced,4321,long,True,short,19,17,2,6.7109375,0.0016048335569015316
prefix64_trace_balanced,4321,long,True,short,20,279, the,5.625,0.0013451457054355096
prefix64_trace_balanced,4321,long,True,long,1,1318,text,11312.015625,0.6941630279076992
prefix64_trace_balanced,4321,long,True,long,2,9640,[\n,4480.71875,0.2749597770912557
prefix64_trace_balanced,4321,long,True,long,3,510,:\n,124.140625,0.007617902502353927
prefix64_trace_balanced,4321,long,True,long,4,15170,}{,64.15625,0.003936955025130928
prefix64_trace_balanced,4321,long,True,long,5,2359,left,51.34375,0.003150714615825677
prefix64_trace_balanced,4321,long,True,long,6,921,]\n,43.6875,0.0026808880297774173
prefix64_trace_balanced,4321,long,True,long,7,3417,}},22.75,0.0013960561414005435
prefix64_trace_balanced,4321,long,True,long,8,256,  ,11.7265625,0.0007196017404677939
prefix64_trace_balanced,4321,long,True,long,9,705, up,11.59375,0.0007114516874445078
prefix64_trace_balanced,4321,long,True,long,10,1448,-m,11.375,0.0006980280707002718
prefix64_trace_balanced,4321,long,True,long,11,892, which,9.84375,0.0006040627534906198
prefix64_trace_balanced,4321,long,True,long,12,198,\n,8.796875,0.000539821159071776
prefix64_trace_balanced,4321,long,True,long,13,220, ,8.2265625,0.000504823872560018
prefix64_trace_balanced,4321,long,True,long,14,3886, border,7.703125,0.0004727030753505961
prefix64_trace_balanced,4321,long,True,long,15,7411, cards,7.5,0.00046023828837380554
prefix64_trace_balanced,4321,long,True,long,16,17,2,7.4921875,0.00045975887349008283
prefix64_trace_balanced,4321,long,True,long,17,1019,**\n,7.375,0.0004525676502342421
prefix64_trace_balanced,4321,long,True,long,18,315, of,7.25,0.0004448970120946787
prefix64_trace_balanced,4321,long,True,long,19,18,3,6.625,0.00040654382139686154
prefix64_trace_balanced,4321,long,True,long,20,14,/,6.375,0.0003912025451177347
prefix64_trace_balanced,24406,long,True,short,1,1124, \,2147.0234375,0.7874351460329035
prefix64_trace_balanced,24406,long,True,short,2,1318,text,105.9609375,0.03886187958490596
prefix64_trace_balanced,24406,long,True,short,3,220, ,61.0703125,0.02239794387047186
prefix64_trace_balanced,24406,long,True,short,4,25,:,58.234375,0.021357844903479247
prefix64_trace_balanced,24406,long,True,short,5,16,1,29.7734375,0.010919606510217254
prefix64_trace_balanced,24406,long,True,short,6,2790, total,27.6875,0.010154575038627642
prefix64_trace_balanced,24406,long,True,short,7,279, the,21.6875,0.007954035075403593
prefix64_trace_balanced,24406,long,True,short,8,256,  ,20.4375,0.007495589249731917
prefix64_trace_balanced,24406,long,True,short,9,3070, **,18.3671875,0.006736288350963202
prefix64_trace_balanced,24406,long,True,short,10,90,{,13.421875,0.004922562053149631
prefix64_trace_balanced,24406,long,True,short,11,320, (,9.796875,0.0035930691587017674
prefix64_trace_balanced,24406,long,True,short,12,59,\,9.1328125,0.003349519813813689
prefix64_trace_balanced,24406,long,True,short,13,281, p,8.84375,0.0032435042166271137
prefix64_trace_balanced,24406,long,True,short,14,315, of,8.265625,0.0030314730222539632
prefix64_trace_balanced,24406,long,True,short,15,323, and,7.3984375,0.0027134262306942373
prefix64_trace_balanced,24406,long,True,short,16,1265, should,7.28125,0.0026704469345375176
prefix64_trace_balanced,24406,long,True,short,17,30696, traveled,7.203125,0.0026417940704330377
prefix64_trace_balanced,24406,long,True,short,18,856, x,7.015625,0.0025730271965822863
prefix64_trace_balanced,24406,long,True,short,19,51341, jelly,6.921875,0.0025386437596569104
prefix64_trace_balanced,24406,long,True,short,20,429, that,6.78125,0.002487068604268847
prefix64_trace_balanced,24406,long,True,long,1,1124, \,6548.9609375,0.8661357850187638
prefix64_trace_balanced,24406,long,True,long,2,1318,text,220.3828125,0.02914682834895601
prefix64_trace_balanced,24406,long,True,long,3,220, ,116.3984375,0.015394327894327894
prefix64_trace_balanced,24406,long,True,long,4,25,:,103.203125,0.013649175883218437
prefix64_trace_balanced,24406,long,True,long,5,16,1,58.1953125,0.007696647324306899
prefix64_trace_balanced,24406,long,True,long,6,90,{,48.6796875,0.006438154044537023
prefix64_trace_balanced,24406,long,True,long,7,256,  ,34.7421875,0.004594843690588372
prefix64_trace_balanced,24406,long,True,long,8,279, the,26.7265625,0.003534733587925077
prefix64_trace_balanced,24406,long,True,long,9,3070, **,26.5390625,0.0035099356907867547
prefix64_trace_balanced,24406,long,True,long,10,323, and,19.59375,0.002591380250954719
prefix64_trace_balanced,24406,long,True,long,11,2790, total,19.515625,0.0025810477938137512
prefix64_trace_balanced,24406,long,True,long,12,198,\n,16.3203125,0.002158450296748169
prefix64_trace_balanced,24406,long,True,long,13,59,\,16.171875,0.0021388186281803305
prefix64_trace_balanced,24406,long,True,long,14,856, x,12.4375,0.0016449271768420705
prefix64_trace_balanced,24406,long,True,long,15,17,2,12.140625,0.001605663839706393
prefix64_trace_balanced,24406,long,True,long,16,4680, weight,10.34375,0.001368017325464134
prefix64_trace_balanced,24406,long,True,long,17,594,'s,9.84375,0.0013018895997619403
prefix64_trace_balanced,24406,long,True,long,18,1265, should,8.390625,0.0011097058969399395
prefix64_trace_balanced,24406,long,True,long,19,8,),8.328125,0.0011014399312271653
prefix64_trace_balanced,24406,long,True,long,20,916, over,8.1328125,0.0010756087883747457
prefix64_trace_balanced,27266,long,True,short,1,18,3,1651.109375,0.1388593131410824
prefix64_trace_balanced,27266,long,True,short,2,19,4,1089.296875,0.09161053662433931
prefix64_trace_balanced,27266,long,True,short,3,1124, \,1007.9609375,0.0847701342948837
prefix64_trace_balanced,27266,long,True,short,4,382,.\n\n,834.53125,0.07018459099341551
prefix64_trace_balanced,27266,long,True,short,5,2533,]\n\n,526.171875,0.04425137805098797
prefix64_trace_balanced,27266,long,True,short,6,256,  ,517.609375,0.043531266538829355
prefix64_trace_balanced,27266,long,True,short,7,20,5,364.15625,0.030625764420380865
prefix64_trace_balanced,27266,long,True,short,8,8304,Step,342.59375,0.02881234491895953
prefix64_trace_balanced,27266,long,True,short,9,1019,**\n,336.1796875,0.028272918320891807
prefix64_trace_balanced,27266,long,True,short,10,271,\n\n,324.5859375,0.02729787682085222
prefix64_trace_balanced,27266,long,True,short,11,284, =,315.1796875,0.026506805415159727
prefix64_trace_balanced,27266,long,True,short,12,220, ,266.3125,0.022397044914655946
prefix64_trace_balanced,27266,long,True,short,13,17,2,256.4453125,0.021567208381940314
prefix64_trace_balanced,27266,long,True,short,14,624,.\n,208.703125,0.017552061072815036
prefix64_trace_balanced,27266,long,True,short,15,25,:,185.984375,0.01564140023581024
prefix64_trace_balanced,27266,long,True,short,16,3593,).\n\n,183.8984375,0.015465971610129262
prefix64_trace_balanced,27266,long,True,short,17,198,\n,176.90625,0.014877924344269808
prefix64_trace_balanced,27266,long,True,short,18,510,:\n,160.9453125,0.013535599691587278
prefix64_trace_balanced,27266,long,True,short,19,13,.,147.875,0.012436378377863403
prefix64_trace_balanced,27266,long,True,short,20,92,},136.1171875,0.011447539120747786
prefix64_trace_balanced,27266,long,True,long,1,1124, \,3249.328125,0.15451963065144234
prefix64_trace_balanced,27266,long,True,long,2,18,3,2254.75,0.10722313161627517
prefix64_trace_balanced,27266,long,True,long,3,19,4,1893.8984375,0.09006307636408489
prefix64_trace_balanced,27266,long,True,long,4,2533,]\n\n,1280.3203125,0.060884778081019206
prefix64_trace_balanced,27266,long,True,long,5,256,  ,836.3828125,0.039773626515701474
prefix64_trace_balanced,27266,long,True,long,6,20,5,822.0703125,0.039093005129180604
prefix64_trace_balanced,27266,long,True,long,7,1318,text,652.453125,0.031026972966104908
prefix64_trace_balanced,27266,long,True,long,8,257,    ,557.21875,0.0264981658145277
prefix64_trace_balanced,27266,long,True,long,9,1019,**\n,515.0859375,0.024494568032045676
prefix64_trace_balanced,27266,long,True,long,10,382,.\n\n,514.7109375,0.02447673515728967
prefix64_trace_balanced,27266,long,True,long,11,92,},491.71875,0.023383357023812088
prefix64_trace_balanced,27266,long,True,long,12,8304,Step,370.2578125,0.017607363193986755
prefix64_trace_balanced,27266,long,True,long,13,220, ,355.1953125,0.016891076057953872
prefix64_trace_balanced,27266,long,True,long,14,510,:\n,339.0,0.016120918779428887
prefix64_trace_balanced,27266,long,True,long,15,14374,###,331.265625,0.015753115737586275
prefix64_trace_balanced,27266,long,True,long,16,624,.\n,292.765625,0.013922273929303054
prefix64_trace_balanced,27266,long,True,long,17,284, =,286.3359375,0.013616514430882378
prefix64_trace_balanced,27266,long,True,long,18,921,]\n,268.375,0.012762394033714536
prefix64_trace_balanced,27266,long,True,long,19,532,}\n,266.671875,0.012681403060864344
prefix64_trace_balanced,27266,long,True,long,20,13,.,266.109375,0.012654653748730336
prefix64_trace_balanced,22958,long,True,short,1,25,:,486.4375,0.3704613810193876
prefix64_trace_balanced,22958,long,True,short,2,3070, **,178.1015625,0.13563870138601727
prefix64_trace_balanced,22958,long,True,short,3,510,:\n,91.8359375,0.06994047176350542
prefix64_trace_balanced,22958,long,True,short,4,481, -,77.03125,0.058665508429448184
prefix64_trace_balanced,22958,long,True,short,5,220, ,70.6328125,0.05379258232359442
prefix64_trace_balanced,22958,long,True,short,6,279, the,57.7421875,0.04397533192718575
prefix64_trace_balanced,22958,long,True,short,7,1447,:\n\n,42.609375,0.03245047494667448
prefix64_trace_balanced,22958,long,True,short,8,17,2,41.640625,0.031712693704762554
prefix64_trace_balanced,22958,long,True,short,9,15,0,39.4375,0.030034836364285437
prefix64_trace_balanced,22958,long,True,short,10,256,  ,25.3828125,0.019331058507837437
prefix64_trace_balanced,22958,long,True,short,11,13,.,24.28125,0.01849212983759888
prefix64_trace_balanced,22958,long,True,short,12,16,1,21.1171875,0.016082441103934933
prefix64_trace_balanced,22958,long,True,short,13,11,",",11.796875,0.008984271574895208
prefix64_trace_balanced,22958,long,True,short,14,982,):\n,11.3515625,0.008645130197564728
prefix64_trace_balanced,22958,long,True,short,15,576, The,9.3984375,0.007157668016290686
prefix64_trace_balanced,22958,long,True,short,16,315, of,8.4375,0.0064258366231038574
prefix64_trace_balanced,22958,long,True,short,17,582, we,8.1328125,0.006193792522825107
prefix64_trace_balanced,22958,long,True,short,18,382,.\n\n,7.6328125,0.0058130022044189525
prefix64_trace_balanced,22958,long,True,short,19,702, has,6.5,0.004950274139280009
prefix64_trace_balanced,22958,long,True,short,20,4935, ball,5.3125,0.004045897133065392
prefix64_trace_balanced,22958,long,True,long,1,25,:,1306.703125,0.3782495966095984
prefix64_trace_balanced,22958,long,True,long,2,3070, **,429.6484375,0.12436975550075251
prefix64_trace_balanced,22958,long,True,long,3,510,:\n,279.5,0.08090648918619732
prefix64_trace_balanced,22958,long,True,long,4,220, ,213.1015625,0.06168622276196065
prefix64_trace_balanced,22958,long,True,long,5,256,  ,120.6015625,0.034910372136832735
prefix64_trace_balanced,22958,long,True,long,6,279, the,115.734375,0.03350147391559501
prefix64_trace_balanced,22958,long,True,long,7,16,1,106.5234375,0.030835196222434046
prefix64_trace_balanced,22958,long,True,long,8,1447,:\n\n,94.5234375,0.02736157235755259
prefix64_trace_balanced,22958,long,True,long,9,15,0,86.5703125,0.025059391957520476
prefix64_trace_balanced,22958,long,True,long,10,17,2,82.359375,0.023840457541393453
prefix64_trace_balanced,22958,long,True,long,11,481, -,66.46484375,0.019239488952134776
prefix64_trace_balanced,22958,long,True,long,12,13,.,55.4765625,0.016058725953465653
prefix64_trace_balanced,22958,long,True,long,13,11,",",49.828125,0.014423680345191372
prefix64_trace_balanced,22958,long,True,long,14,90,{,45.421875,0.01314820908230521
prefix64_trace_balanced,22958,long,True,long,15,576, The,32.640625,0.009448437830387199
prefix64_trace_balanced,22958,long,True,long,16,315, of,24.328125,0.007042229632318271
prefix64_trace_balanced,22958,long,True,long,17,257,    ,22.90625,0.006630641387911744
prefix64_trace_balanced,22958,long,True,long,18,982,):\n,18.90625,0.005472766766284591
prefix64_trace_balanced,22958,long,True,long,19,382,.\n\n,18.7578125,0.005429798762747646
prefix64_trace_balanced,22958,long,True,long,20,12,-,15.9140625,0.0046066222739345915
prefix64_trace_balanced,15417,long,True,short,1,284, =,2940.5859375,0.3147997139667047
prefix64_trace_balanced,15417,long,True,short,2,9640,[\n,1327.53125,0.14211673002053252
prefix64_trace_balanced,15417,long,True,short,3,256,  ,1192.546875,0.1276661941262812
prefix64_trace_balanced,15417,long,True,short,4,78045,\[,659.171875,0.07056658846750553
prefix64_trace_balanced,15417,long,True,short,5,257,    ,637.15625,0.06820974102277812
prefix64_trace_balanced,15417,long,True,short,6,220, ,582.3671875,0.06234438576022548
prefix64_trace_balanced,15417,long,True,short,7,481, -,499.0859375,0.053428845036025976
prefix64_trace_balanced,15417,long,True,short,8,1124, \,225.15625,0.024103741432591905
prefix64_trace_balanced,15417,long,True,short,9,1447,:\n\n,215.94140625,0.023117261105744503
prefix64_trace_balanced,15417,long,True,short,10,510,:\n,192.921875,0.020652942086621252
prefix64_trace_balanced,15417,long,True,short,11,25,:,119.71875,0.012816298879702927
prefix64_trace_balanced,15417,long,True,short,12,374, is,104.1640625,0.011151116742565852
prefix64_trace_balanced,15417,long,True,short,13,37018,frac,85.0078125,0.009100375105067055
prefix64_trace_balanced,15417,long,True,short,14,198,\n,71.578125,0.007662681436690043
prefix64_trace_balanced,15417,long,True,short,15,12,-,64.359375,0.006889889726637478
prefix64_trace_balanced,15417,long,True,short,16,1019,**\n,52.09375,0.005576812903279765
prefix64_trace_balanced,15417,long,True,short,17,488, +,49.1953125,0.005266525322728356
prefix64_trace_balanced,15417,long,True,short,18,92,},27.828125,0.0029790953151593463
prefix64_trace_balanced,15417,long,True,short,19,59,\,25.859375,0.002768333939690465
prefix64_trace_balanced,15417,long,True,short,20,17767, \(,21.0859375,0.002257321239644884
prefix64_trace_balanced,15417,long,True,long,1,284, =,7055.671875,0.26661703105640305
prefix64_trace_balanced,15417,long,True,long,2,9640,[\n,5154.1875,0.1947644665318318
prefix64_trace_balanced,15417,long,True,long,3,257,    ,3844.921875,0.1452904376957465
prefix64_trace_balanced,15417,long,True,long,4,256,  ,2998.0859375,0.1132905250796123
prefix64_trace_balanced,15417,long,True,long,5,220, ,1756.2890625,0.06636597957165964
prefix64_trace_balanced,15417,long,True,long,6,78045,\[,1361.140625,0.05143426150153232
prefix64_trace_balanced,15417,long,True,long,7,1124, \,896.7109375,0.03388457004628688
prefix64_trace_balanced,15417,long,True,long,8,510,:\n,476.8671875,0.018019674949732136
prefix64_trace_balanced,15417,long,True,long,9,481, -,466.4296875,0.017625266690539782
prefix64_trace_balanced,15417,long,True,long,10,1447,:\n\n,364.82421875,0.01378583808655313
prefix64_trace_balanced,15417,long,True,long,11,92,},247.3046875,0.009345054973603283
prefix64_trace_balanced,15417,long,True,long,12,37018,frac,213.1875,0.008055847737156417
prefix64_trace_balanced,15417,long,True,long,13,374, is,160.6328125,0.006069931300339823
prefix64_trace_balanced,15417,long,True,long,14,15136,times,112.5625,0.004253468711409764
prefix64_trace_balanced,15417,long,True,long,15,25,:,94.1015625,0.003555873863751431
prefix64_trace_balanced,15417,long,True,long,16,382,.\n\n,84.9921875,0.003211652284246726
prefix64_trace_balanced,15417,long,True,long,17,1019,**\n,83.765625,0.003165303409476367
prefix64_trace_balanced,15417,long,True,long,18,198,\n,83.6171875,0.003159694309981865
prefix64_trace_balanced,15417,long,True,long,19,488, +,75.8125,0.0028647737628762046
prefix64_trace_balanced,15417,long,True,long,20,335, },66.21875,0.002502248806073651
prefix64_trace_balanced,2699,long,True,short,1,78045,\[,1266.859375,0.45337195355508275
prefix64_trace_balanced,2699,long,True,short,2,9640,[\n,1189.171875,0.42556986728026597
prefix64_trace_balanced,2699,long,True,short,3,220, ,35.9296875,0.012858185315555357
prefix64_trace_balanced,2699,long,True,short,4,921,]\n,22.78125,0.008152743722583044
prefix64_trace_balanced,2699,long,True,short,5,256,  ,21.59375,0.007727772170514243
prefix64_trace_balanced,2699,long,True,short,6,2533,]\n\n,21.2109375,0.007590774762281538
prefix64_trace_balanced,2699,long,True,short,7,13,.,19.8671875,0.007109885900730001
prefix64_trace_balanced,2699,long,True,short,8,59,\,16.796875,0.006011110769394219
prefix64_trace_balanced,2699,long,True,short,9,21,6,15.578125,0.005574955755428872
prefix64_trace_balanced,2699,long,True,short,10,1124, \,14.90625,0.005334511324653103
prefix64_trace_balanced,2699,long,True,short,11,19,4,14.7578125,0.005281389880644503
prefix64_trace_balanced,2699,long,True,short,12,198,\n,13.2578125,0.004744583709610228
prefix64_trace_balanced,2699,long,True,short,13,481, -,12.9140625,0.004621565628748207
prefix64_trace_balanced,2699,long,True,short,14,257,    ,11.53125,0.004126697439825985
prefix64_trace_balanced,2699,long,True,short,15,279, the,11.234375,0.004020454551808785
prefix64_trace_balanced,2699,long,True,short,16,58,[,8.96875,0.0032096535643090997
prefix64_trace_balanced,2699,long,True,short,17,785,The,8.0,0.0028629662455161306
prefix64_trace_balanced,2699,long,True,short,18,11,",",7.9609375,0.0028489869181454464
prefix64_trace_balanced,2699,long,True,short,19,315, of,7.65625,0.0027399481646541097
prefix64_trace_balanced,2699,long,True,short,20,14289, listening,7.625,0.002728764702757562
prefix64_trace_balanced,2699,long,True,long,1,9640,[\n,4428.9453125,0.5360770832141457
prefix64_trace_balanced,2699,long,True,long,2,78045,\[,2578.5625,0.312107774278456
prefix64_trace_balanced,2699,long,True,long,3,921,]\n,246.828125,0.02987593929682702
prefix64_trace_balanced,2699,long,True,long,4,1124, \,175.7421875,0.021271736864028733
prefix64_trace_balanced,2699,long,True,long,5,257,    ,126.171875,0.015271773743234676
prefix64_trace_balanced,2699,long,True,long,6,220, ,71.7890625,0.008689308292667704
prefix64_trace_balanced,2699,long,True,long,7,2533,]\n\n,62.25,0.00753470546043925
prefix64_trace_balanced,2699,long,True,long,8,58,[,51.703125,0.006258117562397961
prefix64_trace_balanced,2699,long,True,long,9,13,.,42.453125,0.005138502694782491
prefix64_trace_balanced,2699,long,True,long,10,11,",",39.984375,0.004839686564574308
prefix64_trace_balanced,2699,long,True,long,11,256,  ,36.7109375,0.0044434715058489
prefix64_trace_balanced,2699,long,True,long,12,3593,).\n\n,25.4921875,0.0030855602305990553
prefix64_trace_balanced,2699,long,True,long,13,481, -,23.3203125,0.0028226776856690714
prefix64_trace_balanced,2699,long,True,long,14,624,.\n,21.3984375,0.002590055002025992
prefix64_trace_balanced,2699,long,True,long,15,19,4,19.828125,0.0023999852483176224
prefix64_trace_balanced,2699,long,True,long,16,12,-,19.4765625,0.002357432318382913
prefix64_trace_balanced,2699,long,True,long,17,15,0,19.4453125,0.00235364983572205
prefix64_trace_balanced,2699,long,True,long,18,92,},18.5625,0.002246794700552668
prefix64_trace_balanced,2699,long,True,long,19,25,:,16.03125,0.0019404136050227587
prefix64_trace_balanced,2699,long,True,long,20,7039,Now,15.484375,0.0018742201584576548
prefix64_trace_balanced,26606,long,True,short,1,90,{,2809.4921875,0.5304652625018669
prefix64_trace_balanced,26606,long,True,short,2,256,  ,719.3828125,0.13582796000287642
prefix64_trace_balanced,26606,long,True,short,3,78045,\[,447.5078125,0.08449475328161907
prefix64_trace_balanced,26606,long,True,short,4,257,    ,400.6796875,0.07565305095152663
prefix64_trace_balanced,26606,long,True,short,5,481, -,121.0859375,0.02286245318887264
prefix64_trace_balanced,26606,long,True,short,6,220, ,94.2890625,0.017802887124105035
prefix64_trace_balanced,26606,long,True,short,7,8,),88.703125,0.016748196238883798
prefix64_trace_balanced,26606,long,True,short,8,17767, \(,88.4140625,0.016693617829438782
prefix64_trace_balanced,26606,long,True,short,9,9640,[\n,66.5390625,0.012563359817383593
prefix64_trace_balanced,26606,long,True,short,10,315, of,61.890625,0.011685679989821864
prefix64_trace_balanced,26606,long,True,short,11,1318,text,57.75,0.010903881151825704
prefix64_trace_balanced,26606,long,True,short,12,57758,\),44.5625,0.008413925607415287
prefix64_trace_balanced,26606,long,True,short,13,13,.,28.34375,0.005351634309905797
prefix64_trace_balanced,26606,long,True,short,14,2661, given,21.7890625,0.004114031998436402
prefix64_trace_balanced,26606,long,True,short,15,37414,lices,18.96875,0.003581523733310715
prefix64_trace_balanced,26606,long,True,short,16,284, =,18.671875,0.0035254702317185378
prefix64_trace_balanced,26606,long,True,short,17,12,-,18.234375,0.003442865071477434
prefix64_trace_balanced,26606,long,True,short,18,11,",",15.265625,0.002882330055555658
prefix64_trace_balanced,26606,long,True,short,19,59,\,11.953125,0.002256890985158729
prefix64_trace_balanced,26606,long,True,short,20,2833,Number,10.7890625,0.0020371022552315063
prefix64_trace_balanced,26606,long,True,long,1,90,{,11313.4140625,0.6283812494989466
prefix64_trace_balanced,26606,long,True,long,2,257,    ,2298.3125,0.12765523055291672
prefix64_trace_balanced,26606,long,True,long,3,256,  ,1730.4296875,0.09611330082981498
prefix64_trace_balanced,26606,long,True,long,4,78045,\[,675.75,0.037533199704623925
prefix64_trace_balanced,26606,long,True,long,5,220, ,483.43359375,0.026851364584746996
prefix64_trace_balanced,26606,long,True,long,6,9640,[\n,334.203125,0.01856265280434242
prefix64_trace_balanced,26606,long,True,long,7,17767, \(,135.9921875,0.0075534175829909895
prefix64_trace_balanced,26606,long,True,long,8,481, -,129.875,0.007213650479671524
prefix64_trace_balanced,26606,long,True,long,9,1318,text,117.28125,0.006514155498124934
prefix64_trace_balanced,26606,long,True,long,10,11,",",113.37109375,0.00629697358853184
prefix64_trace_balanced,26606,long,True,long,11,315, of,102.6484375,0.005701404815471857
prefix64_trace_balanced,26606,long,True,long,12,284, =,86.1328125,0.004784077029498229
prefix64_trace_balanced,26606,long,True,long,13,320, (,46.25,0.0025688649446375974
prefix64_trace_balanced,26606,long,True,long,14,92,},40.953125,0.002274660479694305
prefix64_trace_balanced,26606,long,True,long,15,8,),31.9609375,0.001775207177113583
prefix64_trace_balanced,26606,long,True,long,16,13,.,17.4296875,0.0009680975830213648
prefix64_trace_balanced,26606,long,True,long,17,12,-,17.234375,0.0009572493357889426
prefix64_trace_balanced,26606,long,True,long,18,369, for,17.21875,0.0009563814760103488
prefix64_trace_balanced,26606,long,True,long,19,58,[,15.796875,0.0008774062361583145
prefix64_trace_balanced,26606,long,True,long,20,2833,Number,14.3203125,0.000795393487081202
prefix64_trace_balanced,2765,long,True,short,1,1318,text,2347.5546875,0.6493422019379543
prefix64_trace_balanced,2765,long,True,short,2,1124, \,621.7578125,0.17198048215474246
prefix64_trace_balanced,2765,long,True,short,3,9640,[\n,513.9375,0.14215698986074735
prefix64_trace_balanced,2765,long,True,short,4,481, -,22.6640625,0.006268962476985712
prefix64_trace_balanced,2765,long,True,short,5,59,\,22.484375,0.006219260258105784
prefix64_trace_balanced,2765,long,True,short,6,78045,\[,22.3359375,0.006178201903378887
prefix64_trace_balanced,2765,long,True,short,7,279, the,10.8203125,0.002992937962986974
prefix64_trace_balanced,2765,long,True,short,8,17,2,7.5234375,0.002081010294842206
prefix64_trace_balanced,2765,long,True,short,9,284, =,6.953125,0.001923259774049391
prefix64_trace_balanced,2765,long,True,short,10,23018, gram,4.65625,0.0012879357588016147
prefix64_trace_balanced,2765,long,True,short,11,11520,(\,4.40625,0.001218784845577367
prefix64_trace_balanced,2765,long,True,short,12,624,.\n,3.3671875,0.0009313763624890871
prefix64_trace_balanced,2765,long,True,short,13,3797, session,3.328125,0.0009205715322977984
prefix64_trace_balanced,2765,long,True,short,14,257,    ,3.2890625,0.0009097667021065097
prefix64_trace_balanced,2765,long,True,short,15,256,  ,3.0,0.0008298109586909732
prefix64_trace_balanced,2765,long,True,short,16,39360, transported,2.53125,0.0007001529963955086
prefix64_trace_balanced,2765,long,True,short,17,11192, dollars,2.515625,0.0006958310643189931
prefix64_trace_balanced,2765,long,True,short,18,5476, container,2.375,0.0006569336756303538
prefix64_trace_balanced,2765,long,True,short,19,2783, cost,2.25,0.0006223582190182299
prefix64_trace_balanced,2765,long,True,short,20,12,-,2.0,0.0005532073057939822
prefix64_trace_balanced,2765,long,True,long,1,1318,text,9661.2890625,0.7197150576824866
prefix64_trace_balanced,2765,long,True,long,2,9640,[\n,2010.390625,0.1497634938025337
prefix64_trace_balanced,2765,long,True,long,3,1124, \,1580.8046875,0.11776160815484427
prefix64_trace_balanced,2765,long,True,long,4,59,\,35.203125,0.002622447064369552
prefix64_trace_balanced,2765,long,True,long,5,256,  ,14.609375,0.00108832135161364
prefix64_trace_balanced,2765,long,True,long,6,78045,\[,14.4375,0.0010755175710064208
prefix64_trace_balanced,2765,long,True,long,7,279, the,11.7421875,0.0008747310114841182
prefix64_trace_balanced,2765,long,True,long,8,284, =,11.609375,0.0008648371810149033
prefix64_trace_balanced,2765,long,True,long,9,257,    ,10.734375,0.0007996542979236051
prefix64_trace_balanced,2765,long,True,long,10,17,2,9.0546875,0.0006745264419894165
prefix64_trace_balanced,2765,long,True,long,11,90,{,6.734375,0.0005016754037919561
prefix64_trace_balanced,2765,long,True,long,12,9658, assume,6.140625,0.00045744416169428935
prefix64_trace_balanced,2765,long,True,long,13,481, -,5.921875,0.0004411484409214648
prefix64_trace_balanced,2765,long,True,long,14,58,[,5.296875,0.00039458923871339463
prefix64_trace_balanced,2765,long,True,long,15,12,-,4.890625,0.000364325757278149
prefix64_trace_balanced,2765,long,True,long,16,624,.\n,3.84375,0.0002863390935796315
prefix64_trace_balanced,2765,long,True,long,17,315, of,3.3203125,0.00024734576173037273
prefix64_trace_balanced,2765,long,True,long,18,438, as,3.3046875,0.000246181781675171
prefix64_trace_balanced,2765,long,True,long,19,37597, contexts,3.046875,0.00022697611076434205
prefix64_trace_balanced,2765,long,True,long,20,2790, total,2.609375,0.00019438466921869294
prefix64_trace_balanced,27872,long,False,short,1,1124, \,8011.953125,0.9048361659185407
prefix64_trace_balanced,27872,long,False,short,2,220, ,136.9296875,0.015464260899295255
prefix64_trace_balanced,27872,long,False,short,3,59,\,126.9921875,0.014341961597423653
prefix64_trace_balanced,27872,long,False,short,4,92,},108.3203125,0.012233238852554841
prefix64_trace_balanced,27872,long,False,short,5,35702,{\,49.453125,0.005585027186200659
prefix64_trace_balanced,27872,long,False,short,6,8756, miles,48.171875,0.005440328219607151
prefix64_trace_balanced,27872,long,False,short,7,16,1,38.64453125,0.00436435023326091
prefix64_trace_balanced,27872,long,False,short,8,15,0,23.296875,0.0026310507218405004
prefix64_trace_balanced,27872,long,False,short,9,279, the,22.3515625,0.002524291118439192
prefix64_trace_balanced,27872,long,False,short,10,13,.,19.0625,0.0021528382834643933
prefix64_trace_balanced,27872,long,False,short,11,817, per,18.7421875,0.002116663541816016
prefix64_trace_balanced,27872,long,False,short,12,18,3,18.5,0.0020893119078867553
prefix64_trace_balanced,27872,long,False,short,13,256,  ,16.078125,0.0018157955685941481
prefix64_trace_balanced,27872,long,False,short,14,42112, buckets,14.328125,0.0016181579556859415
prefix64_trace_balanced,27872,long,False,short,15,90,{,13.6796875,0.0015449261616172756
prefix64_trace_balanced,27872,long,False,short,16,296, m,13.578125,0.0015334561215824243
prefix64_trace_balanced,27872,long,False,short,17,921,]\n,13.109375,0.0014805174752677262
prefix64_trace_balanced,27872,long,False,short,18,6460, hour,9.765625,0.0011028884648895457
prefix64_trace_balanced,27872,long,False,short,19,8,),9.2734375,0.0010473028862591127
prefix64_trace_balanced,27872,long,False,short,20,311, to,8.375,0.0009458371474892744
prefix64_trace_balanced,27872,long,False,long,1,1124, \,22398.75,0.9366364635295935
prefix64_trace_balanced,27872,long,False,long,2,92,},344.0234375,0.014385842775659095
prefix64_trace_balanced,27872,long,False,long,3,59,\,214.5703125,0.008972571178232702
prefix64_trace_balanced,27872,long,False,long,4,220, ,166.421875,0.0069591739027385045
prefix64_trace_balanced,27872,long,False,long,5,90,{,111.6875,0.004670376026361359
prefix64_trace_balanced,27872,long,False,long,6,35702,{\,90.359375,0.003778509311758217
prefix64_trace_balanced,27872,long,False,long,7,16,1,58.8203125,0.002459657323900019
prefix64_trace_balanced,27872,long,False,long,8,13,.,38.7890625,0.0016220213326024165
prefix64_trace_balanced,27872,long,False,long,9,15,0,32.4375,0.0013564214648469754
prefix64_trace_balanced,27872,long,False,long,10,17,2,30.5390625,0.0012770355265141684
prefix64_trace_balanced,27872,long,False,long,11,11,",",25.453125,0.0010643596176472653
prefix64_trace_balanced,27872,long,False,long,12,18,3,25.265625,0.0010565190311452597
prefix64_trace_balanced,27872,long,False,long,13,256,  ,24.078125,0.0010068619832992241
prefix64_trace_balanced,27872,long,False,long,14,8756, miles,21.2890625,0.0008902332590818902
prefix64_trace_balanced,27872,long,False,long,15,8,),20.25390625,0.0008469466877687341
prefix64_trace_balanced,27872,long,False,long,16,279, the,20.25,0.0008467833422166089
prefix64_trace_balanced,27872,long,False,long,17,3658,iles,19.03125,0.0007958195299535723
prefix64_trace_balanced,27872,long,False,long,18,11035,}\,14.546875,0.0006082988361139375
prefix64_trace_balanced,27872,long,False,long,19,296, m,11.046875,0.0004619412214098322
prefix64_trace_balanced,27872,long,False,long,20,921,]\n,10.984375,0.00045932769257583033
